"Comuna","0","2","4","7","9","11","14","16","18","21","25","28","32","35","39","42","46","49","53","56","60","63","67","70","74","77","81","85","90","93","97","102","105","109","112","116","119","123","126","130","133","137","140","144","147","151","154","158","161","165","168","172","175","179","182","186","189","193","196","200","203","208","210","214","217","221","224","228","231","235","238","242","245","249","252","256","259","263","266","270","273","277","280","284","287","291","294","298","301","305","308","312","315","319","322","326","329","333","336","340","343","347","350","354","357","361","364","368","371","375","378","382","385","389","392","396","399","403","406","410","413","417","420","424","427","431","434","438","441","445","448","452","455","459","462","466","469","473","476","480","483","487","490","494","497","501","504","508","511","515","518","522","525","529","532","536","539","543","546","550","553","557","560","564","567","571","574","578","581","585","588","592","595","599","602","606","609","613","616","620","623","627","630","634","637","641","644","648","651","655","658","662","665","669","672","676","679","683","686","690","693","697","700","704","707","711","714","718","721","725","728","732","735","739","742","746","749","753","756","760","763","767","770","774","777","781","784","788","791","795","798","802","805","809","812","816","819","823","826","830","833","837","840","844","847","851","854","858","861","865","868","872","875","879","882","886","889","893","896","903","907","910","917","924","928","931","935","938","942","945","949","952","956","959","963","966","970","973","977","980","984","987","991","994","998","1001","1005","1011","1015","Prioridad","Hacinamiento","Educacion_sup","Servicios"
"Cerrillos",0,4.49661e-05,0,1.12415e-05,6.74491e-05,0.000112415,8.99321e-05,0.000112415,0.000101174,5.62076e-05,0.00014614,0.000157381,0.000550834,0.001259049,0.000753181,0.000236072,0.001157876,0.0005958,0.001731193,0.00133774,0.001326498,0.001326498,0.001450155,0.001214083,0.002012231,0.001517604,0.005519583,0.001888574,0.002023472,0.000944287,0.001180359,0.001495121,0.00074194,0.000460902,0.000415936,0.000584559,0.000449661,0.000438419,0.000460902,0.000314762,0.000247313,0.000449661,8.99321e-05,0.000247313,0.000157381,0.000236072,0.000179864,0.000337245,0.000202347,0.000303521,0.000236072,0.000472144,7.86906e-05,0.000337245,8.99321e-05,0.00022483,0.000112415,0.000236072,0.000281038,0.000112415,0.000112415,0.000202347,8.99321e-05,3.37245e-05,0.000123657,0.000168623,5.62076e-05,0.000168623,0.000157381,0.000157381,7.86906e-05,0.000112415,0.000213589,0.000281038,0.000134898,0.00014614,0.00022483,0.000258555,0.000213589,0.000179864,0.00014614,0.000292279,8.99321e-05,0.000505868,0.000404694,0.000393453,0.000191106,0.000528351,0.000404694,0.000337245,0.000168623,0.000337245,0.000348487,0.000269796,0.000236072,0.000584559,0.000393453,0.000719457,0.000415936,0.000933046,0.000921804,0.001124151,0.001090427,0.001281532,0.000640766,0.001315257,0.000876838,0.001045461,0.000888079,0.00111291,0.000775664,0.001540087,0.000786906,0.001461397,0.001281532,0.001247808,0.000865596,0.000910563,0.000775664,0.00133774,0.000921804,0.001517604,0.001348982,0.001753676,0.001742434,0.002000989,0.001596295,0.002045955,0.001427672,0.001495121,0.001146634,0.001056702,0.000933046,0.000753181,0.000472144,0.000640766,0.000460902,0.000281038,0.000157381,0.000236072,0.000191106,0.000179864,0.000247313,0.000123657,0.000123657,0.00022483,0.000112415,0.00022483,0.000258555,0.000247313,0.000112415,0.000179864,0.000168623,7.86906e-05,0.000134898,0.00022483,0.000123657,0.000191106,0.000157381,0.000179864,5.62076e-05,0.000258555,0.000191106,0.000247313,0.000326004,0.000550834,0.000337245,0.000629525,0.000449661,0.000337245,0.00074194,0.000539593,0.000550834,0.000449661,0.000359728,0.000663249,0.000314762,7.86906e-05,0.000157381,0.00014614,3.37245e-05,4.49661e-05,6.74491e-05,3.37245e-05,4.49661e-05,0.000112415,3.37245e-05,0.000191106,0.000191106,0.0005958,0.00082063,0.00215837,0.002383201,0.005688205,0.005193579,0.005407168,0.005362202,0.006115383,0.004923783,0.00475516,0.003597284,0.003158865,0.002338235,0.002945276,0.001911057,0.001686227,0.001663744,0.001843608,0.001034219,0.000978012,0.000685732,0.000876838,0.000472144,0.000573317,0.000247313,0.000550834,0.000404694,0.000539593,0.00037097,0.000292279,0.000213589,0.000281038,0.000472144,0.0005958,0.000640766,0.000854355,0.001124151,0.001528846,0.001663744,0.001607536,0.001416431,0.00207968,0.001944782,0.001843608,0.001405189,0.001146634,0.001056702,0.000921804,0.001045461,0.001022978,0.000775664,0.00074194,0.000607042,0.000573317,0.000539593,0.000910563,0.001034219,0.000865596,0.000831872,0.001011736,0.000910563,0.000955529,0.001101668,0.000978012,0.000708215,0.0005958,0.000550834,0.000753181,0.000494627,0.000865596,0.000562076,0.00037097,0.000775664,0.000764423,0.000730698,0.000674491,0.001135393,0.000910563,0.00133774,0.001157876,0.000921804,0.001067944,0.001247808,0.000865596,0.001180359,0.000933046,0.000640766,0.00051711,0.000719457,0.000472144,0.000584559,0.000292279,0.000438419,0.000472144,0.000910563,0.000696974,0.001225325,0.001101668,0.000550834,"Media Baja Prioridad","0.03","0.05","0.11"
"Cerro Navia",0.000133366,1.40385e-05,3.50963e-05,3.50963e-05,3.50963e-05,4.21156e-05,0.000105289,5.61541e-05,9.82698e-05,0.000140385,0.000133366,0.000119328,0.000308848,0.000336925,0.000400098,0.000722985,0.000624715,0.000456252,0.002175973,0.000996736,0.001663566,0.002569052,0.002077703,0.001803952,0.002997227,0.003502615,0.008689854,0.00268838,0.003200786,0.001087987,0.001923279,0.00124943,0.000715965,0.00096164,0.000456252,0.000814235,0.00037904,0.00057558,0.00047731,0.000898466,0.000631734,0.00057558,0.000294809,0.000357983,0.000308848,0.000540484,0.000350963,0.00038606,0.000315867,0.000512407,0.000350963,0.000336925,0.000168462,0.000252694,0.000182501,0.000294809,0.000140385,9.12505e-05,0.000231636,0.000126347,0.000161443,0.000112308,3.50963e-05,0.000147405,0.000119328,0.000175482,0.000147405,0.000301829,0.000252694,0.000294809,0.000203559,0.000259713,0.000365002,0.000245674,0.000161443,0.000175482,0.000273751,0.000217597,0.00018952,0.000350963,0.000231636,0.000449233,0.000273751,0.000730004,0.00037904,0.000631734,0.000414137,0.000540484,0.00038606,0.000800197,0.000505387,0.000526445,0.000252694,0.000526445,0.000407118,0.000428175,0.000421156,0.000407118,0.000449233,0.00066683,0.000512407,0.0007651,0.000659811,0.000856351,0.000982698,0.001544239,0.001284526,0.001754817,0.001270487,0.002126838,0.001656547,0.002225108,0.001958376,0.002351455,0.001551258,0.002660303,0.001607412,0.002218089,0.001867125,0.002007511,0.001593374,0.002133857,0.001614432,0.002484821,0.001445969,0.002856842,0.001979434,0.002379532,0.001551258,0.002098761,0.001305584,0.001361738,0.000870389,0.000807216,0.000526445,0.000582599,0.000526445,0.000357983,0.000259713,0.000596638,0.000273751,0.000393079,0.000224617,0.000365002,0.000203559,0.000329906,0.000161443,0.00018952,0.000126347,0.000126347,0.000140385,0.000175482,0.000119328,9.82698e-05,0.000147405,0.000224617,9.82698e-05,0.000224617,0.000126347,0.000231636,0.00019654,0.000322886,0.000280771,0.000491349,0.000456252,0.000540484,0.000547503,0.000687888,0.000624715,0.00066683,0.000617696,0.000638753,0.000568561,0.00057558,0.000414137,0.000737023,0.000308848,0.000266732,0.000154424,0.000210578,0.000161443,0.000168462,9.82698e-05,7.01927e-05,4.21156e-05,5.61541e-05,8.42312e-05,0.000217597,0.000210578,0.000631734,0.001045871,0.001621451,0.002288281,0.004057137,0.004766083,0.004773102,0.00518022,0.006506861,0.004057137,0.004541466,0.003081459,0.002744534,0.001860106,0.002267224,0.001284526,0.001452988,0.001024813,0.001572316,0.000603657,0.00086337,0.000582599,0.000463272,0.000407118,0.000498368,0.000301829,0.000266732,0.00019654,0.000357983,0.00018952,0.000168462,0.000231636,0.000336925,0.000238655,0.000393079,0.000519426,0.000821254,0.000659811,0.001073948,0.000645773,0.001270487,0.000898466,0.00115116,0.001010775,0.001130102,0.000940582,0.001137121,0.000730004,0.000919524,0.000449233,0.0007651,0.000400098,0.000589619,0.000273751,0.00028779,0.000280771,0.000491349,0.000400098,0.00066683,0.000435195,0.000645773,0.000372021,0.000498368,0.000526445,0.00066683,0.000449233,0.000533464,0.000357983,0.000519426,0.000329906,0.000470291,0.00028779,0.000308848,0.000751062,0.000540484,0.000322886,0.000372021,0.000737023,0.000589619,0.000835293,0.000659811,0.00047731,0.000779139,0.001024813,0.000694908,0.000715965,0.00047731,0.000435195,0.000294809,0.000568561,0.000231636,0.000343944,0.000105289,0.000393079,0.00037904,0.000568561,0.000350963,0.000722985,0.000694908,0.000435195,"Alta Prioridad","0.03","0.04","0.05"
"El Bosque",0.000104651,5.81395e-05,4.06977e-05,1.16279e-05,5.23256e-05,0.000104651,0.000110465,5.81395e-05,8.13953e-05,0.000116279,0.000104651,0.000186047,0.000343023,0.000226744,0.000593023,0.000360465,0.001005814,0.000674419,0.001732558,0.000802326,0.001651163,0.001197674,0.002168605,0.002273256,0.002127907,0.00227907,0.005372093,0.002116279,0.002569767,0.001098837,0.001732558,0.001784884,0.000813953,0.000819767,0.000430233,0.000662791,0.00027907,5e-04,0.000290698,0.000337209,0.00030814,0.00022093,0.000215116,0.000180233,0.000313953,0.000436047,0.000255814,0.000395349,0.000226744,0.000261628,0.000186047,0.000267442,0.000127907,0.000174419,0.000186047,0.000238372,7.55814e-05,0.000313953,0.000110465,0.000110465,0.000180233,0.000418605,5.81395e-05,0.000284884,0.000122093,0.000284884,0.000139535,0.000244186,0.000168605,0.000284884,0.000127907,0.000215116,0.000372093,0.000180233,0.000145349,0.000343023,0.000389535,0.000383721,0.000145349,0.000337209,0.000226744,0.000465116,0.00027907,0.000616279,0.000372093,0.000546512,0.000302326,0.000552326,0.000488372,0.00075,0.000552326,0.000674419,0.000418605,0.00055814,0.000465116,0.000447674,0.000360465,0.001046512,0.000546512,0.001,0.000703488,0.001122093,0.000866279,0.001627907,0.001087209,0.001395349,0.001674419,0.00175,0.001773256,0.002447674,0.001540698,0.00247093,0.001959302,0.002244186,0.002034884,0.00247093,0.001703488,0.001953488,0.001290698,0.002284884,0.00169186,0.002412791,0.002075581,0.002680233,0.002296512,0.002482558,0.002174419,0.003093023,0.001575581,0.001994186,0.001331395,0.001395349,0.000965116,0.00102907,0.000744186,0.000947674,0.000476744,0.00047093,0.000383721,0.000401163,0.000284884,0.000238372,0.000215116,0.00025,9.30233e-05,0.000290698,0.00019186,0.000232558,0.00019186,0.000238372,0.00022093,0.00075,0.000104651,0.000168605,0.00019186,0.000273256,0.000151163,0.000232558,0.000203488,0.000226744,0.000145349,0.00030814,0.000244186,0.000372093,0.000331395,0.000482558,0.000436047,0.000575581,0.000418605,0.000552326,0.000476744,0.000854651,0.000401163,0.000447674,0.000343023,0.00055814,0.00025,0.000145349,7.55814e-05,0.000127907,0.000162791,0.000151163,5.81395e-05,8.13953e-05,7.55814e-05,0.000116279,9.88372e-05,0.000226744,0.000284884,0.000738372,0.000906977,0.001686047,0.001436047,0.003639535,0.003343023,0.00625,0.005627907,0.004854651,0.005052326,0.005726744,0.003319767,0.00347093,0.002401163,0.002581395,0.002005814,0.002087209,0.001895349,0.001738372,0.001052326,0.000959302,0.000645349,0.000790698,0.000406977,0.000383721,0.000412791,0.000348837,0.000209302,0.000436047,0.000215116,0.000418605,0.000255814,0.00044186,0.000459302,0.000703488,0.000790698,0.001127907,0.001005814,0.001430233,0.001209302,0.00127907,0.001063953,0.00180814,0.001581395,0.001703488,0.001261628,0.001127907,0.001209302,0.000918605,0.000755814,0.000994186,0.000627907,0.000726744,0.000406977,0.000627907,0.00052907,0.000773256,0.000616279,0.000796512,0.000563953,0.000703488,0.000755814,0.000703488,0.000674419,0.000802326,0.000360465,0.000627907,0.000401163,0.000569767,0.000436047,0.000656977,0.00027907,0.000412791,0.001017442,0.00077907,0.000459302,0.000476744,0.000738372,0.000790698,0.001023256,0.000831395,0.000587209,0.000965116,0.001156977,0.000761628,0.000843023,0.000703488,0.000895349,0.000581395,0.000639535,0.000453488,0.00044186,0.00030814,0.000511628,0.00044186,0.000453488,0.000511628,0.000918605,0.000895349,0.000354651,"Media Alta Prioridad","0.02","0.08","0.01"
"Huechuraba",0.000151074,1.77734e-05,2.666e-05,8.88668e-05,2.666e-05,2.666e-05,8.88668e-05,4.44334e-05,5.33201e-05,6.22067e-05,9.77534e-05,4.44334e-05,0.000275487,0.000328807,0.000622067,0.000382127,0.000995308,0.000337694,0.002274989,0.001519622,0.001466302,0.00248827,0.001484075,0.001137495,0.002195009,0.001386322,0.00588298,0.002008389,0.001972842,0.000817574,0.000941988,0.000853121,0.000773141,0.000470994,0.000391014,0.0003999,0.000506541,0.000444334,0.000328807,0.000444334,0.000453221,0.0003999,0.000302147,0.000231054,0.00018662,0.000311034,0.000142187,0.0002666,0.00029326,0.000222167,0.00023994,0.00018662,0.00010664,0.000222167,7.99801e-05,0.0002666,0.000195507,0.000177734,0.00010664,0.000257714,0.00015996,0.00029326,0.000142187,0.00023994,8.88668e-05,0.000302147,0.000231054,0.000168847,0.000115527,0.0002666,0.00015996,0.000177734,0.00023994,0.000151074,0.000195507,0.000142187,0.00015996,0.000328807,0.000204394,0.000231054,0.000151074,0.000257714,0.00018662,0.000382127,0.000248827,0.00029326,0.000284374,0.000550974,0.000391014,0.000559861,0.000257714,0.000355467,0.000275487,0.000337694,0.00029326,0.000479881,0.000382127,0.000515427,0.000284374,0.000506541,0.000337694,0.000737594,0.000462107,0.000808688,0.000906441,0.000995308,0.000888668,0.001199701,0.000906441,0.001217475,0.001173041,0.001288568,0.000888668,0.001146381,0.000693161,0.001128608,0.000622067,0.001164155,0.000710934,0.001270795,0.000773141,0.001368548,0.000702047,0.001590715,0.001297455,0.001821769,0.001190815,0.001901749,0.001412982,0.001484075,0.001164155,0.001075288,0.000630954,0.000773141,0.000479881,0.000417674,0.00029326,0.000337694,0.000222167,0.000248827,0.00018662,0.000284374,0.000204394,0.000337694,0.00018662,0.00031992,0.00018662,0.000124413,0.000151074,0.000115527,8.88668e-05,0.000142187,4.44334e-05,7.10934e-05,8.88668e-05,0.000124413,8.88668e-05,0.000177734,0.00015996,0.000222167,0.000124413,0.00031992,0.00029326,0.000506541,0.000515427,0.000639841,0.000470994,0.000497654,0.000533201,0.000630954,0.000728708,0.000746481,0.000550974,0.000275487,0.000311034,0.000559861,0.000231054,0.00015996,5.33201e-05,6.22067e-05,9.77534e-05,0.000168847,6.22067e-05,0.0001333,7.99801e-05,0.000204394,0.000115527,0.0003999,0.000684274,0.000959761,0.001244135,0.002115029,0.002186123,0.006389521,0.005340893,0.006816081,0.0055364,0.007020475,0.003856818,0.004718826,0.00278153,0.003412484,0.002168349,0.003092564,0.001608489,0.00243495,0.001395208,0.002043936,0.001173041,0.001475188,0.000986421,0.001270795,0.000577634,0.000808688,0.000719821,0.000577634,0.000382127,0.000577634,0.000337694,0.000488767,0.000453221,0.000950874,0.000542087,0.001244135,0.001030855,0.001768449,0.001306342,0.002106142,0.001741789,0.002106142,0.002123916,0.00272821,0.001999502,0.002799303,0.001795109,0.001412982,0.001501848,0.001697355,0.001164155,0.001412982,0.000888668,0.001057515,0.000844234,0.000853121,0.000630954,0.001066401,0.000782028,0.001670695,0.001057515,0.001404095,0.000879781,0.001146381,0.000986421,0.000879781,0.000453221,0.001066401,0.000524314,0.000675387,0.000515427,0.000995308,0.000470994,0.0003999,0.001377435,0.001315228,0.000808688,0.000684274,0.001084175,0.001021968,0.001324115,0.000906441,0.001270795,0.001101948,0.001368548,0.000799801,0.001021968,0.000844234,0.000826461,0.000542087,0.000817574,0.000515427,0.000577634,0.00037324,0.000666501,0.000435447,0.000666501,0.000550974,0.001261908,0.001235248,0.000568747,"Media Baja Prioridad","0.06","0.02","0.04"
"Independencia",0.000105585,1.40781e-05,3.51952e-05,2.81561e-05,3.51952e-05,4.22342e-05,0.000105585,5.63123e-05,0.000140781,0.000246366,0.000570162,0.000351952,0.001302221,0.001147362,0.001703446,0.001098089,0.00145708,0.000922113,0.002597403,0.002006124,0.004096716,0.002512934,0.003069018,0.001907578,0.002998627,0.001717524,0.005032907,0.002118748,0.001738641,0.00050681,0.001034738,0.001069933,0.000774293,0.000556083,0.000394186,0.000323795,0.000281561,0.000358991,0.000478654,0.000358991,0.000394186,0.000274522,0.000260444,0.000260444,0.000260444,0.000457537,0.000351952,0.000387147,0.000232288,0.000253405,0.000225249,0.000204132,8.44684e-05,0.000154859,0.000211171,0.000295639,0.000253405,0.000204132,0.000232288,0.000225249,0.0002886,0.000183015,8.44684e-05,0.000105585,7.74293e-05,0.000105585,0.000105585,8.44684e-05,0.000126703,9.85464e-05,7.03903e-05,8.44684e-05,0.0002886,0.000225249,0.000190054,0.000168937,0.000197093,0.000253405,0.000183015,0.000183015,0.000105585,0.000408264,0.000225249,0.000485693,0.000422342,0.000415303,0.000464576,0.000520888,0.00043642,0.000373069,0.000190054,0.000295639,0.000197093,0.000373069,0.0002886,0.000422342,0.000443459,0.000513849,0.000323795,0.00072502,0.000668708,0.00102066,0.000710942,0.001105128,0.000893957,0.001147362,0.001013621,0.001604899,0.00109105,0.00159786,0.001027699,0.001302221,0.001006581,0.000886918,0.000788372,0.00174568,0.000710942,0.001098089,0.000886918,0.001245909,0.001055855,0.00152747,0.000879879,0.001611938,0.001224791,0.00203428,0.001386689,0.001724563,0.001013621,0.001196635,0.000879879,0.00080245,0.00058424,0.000499771,0.000422342,0.000464576,0.000450498,0.000387147,0.000175976,0.000302678,0.000281561,0.000232288,0.000168937,0.000126703,0.000119664,0.000190054,0.000168937,0.000140781,0.000105585,0.00014782,8.44684e-05,0.000154859,6.33513e-05,0.000175976,9.85464e-05,0.000126703,8.44684e-05,0.000246366,0.000133742,0.000267483,0.000211171,0.000211171,0.000183015,0.000351952,0.000387147,0.000450498,0.000351952,0.000556083,0.000408264,0.000394186,0.000499771,0.000591279,0.000316756,0.000478654,0.000267483,0.000464576,0.000175976,0.00021821,8.44684e-05,0.000183015,8.44684e-05,4.22342e-05,9.85464e-05,0.000112625,5.63123e-05,9.85464e-05,6.33513e-05,0.000260444,0.000225249,0.000837645,0.001372611,0.002358076,0.002752261,0.007517686,0.005413015,0.006588533,0.004293809,0.004659839,0.003237954,0.003252033,0.002097631,0.002160983,0.00116144,0.001696407,0.001189596,0.000978425,0.000753176,0.00102066,0.000429381,0.000837645,0.000373069,0.000563123,0.000415303,0.000380108,0.000323795,0.000330834,0.000211171,0.000260444,0.000232288,0.000225249,0.000140781,0.000330834,0.000274522,0.000633513,0.000591279,0.000774293,0.000682786,0.001055855,0.000893957,0.001217752,0.001189596,0.00145708,0.001147362,0.001421884,0.00080245,0.000929152,0.000816528,0.000795411,0.000380108,0.000499771,0.000492732,0.000563123,0.0002886,0.000563123,0.000380108,0.00058424,0.000668708,0.000513849,0.000408264,0.000542005,0.000387147,0.000471615,0.000471615,0.000513849,0.00036603,0.000570162,0.000394186,0.000401225,0.00021821,0.000513849,0.000457537,0.000351952,0.000457537,0.000739098,0.000499771,0.000464576,0.000837645,0.000492732,0.000879879,0.000429381,0.000478654,0.000844684,0.000978425,0.000549044,0.000549044,0.000570162,0.000577201,0.000394186,0.000415303,0.000260444,0.0002886,0.000197093,0.000344913,0.000309717,0.000457537,0.000415303,0.000985464,0.000661669,0.000351952,"Media Alta Prioridad","0.07","0.21","0.03"
"La Cisterna",9.95679e-05,1.99136e-05,0,7.96543e-05,5.97407e-05,7.96543e-05,4.97839e-05,5.97407e-05,1.99136e-05,0.000139395,0.000119481,0.000109525,0.000378358,0.000209093,0.000617321,0.000458012,0.000965808,0.000786586,0.002180536,0.000726845,0.001254555,0.001662784,0.001722524,0.002051098,0.002787901,0.001254555,0.00437103,0.002100882,0.00167274,0.000736802,0.000955852,0.001025549,0.000438099,0.00058745,0.000209093,0.000428142,0.000448055,0.000258876,0.000199136,0.000467969,0.000288747,0.00030866,0.000229006,0.00024892,0.000268833,0.000418185,0.00027879,0.000438099,0.000328574,0.00030866,0.000238963,7.96543e-05,0.000169265,0.000298704,0.000219049,0.000129438,0.000149352,0.000229006,0.000219049,0.000219049,0.000268833,0.000378358,0.000119481,8.96111e-05,0.000328574,0.000209093,8.96111e-05,7.96543e-05,0.000139395,0.000199136,0.000139395,0.000189179,0.000368401,0.000268833,0.000199136,0.00024892,0.000149352,0.000378358,0.000238963,0.000428142,0.00030866,0.000378358,0.000258876,0.000388315,0.000288747,0.000477926,0.000268833,0.00027879,0.000298704,0.000507796,0.000268833,0.000467969,0.000418185,0.000398272,0.000348488,0.000458012,0.000517753,0.000955852,0.000597407,0.000657148,0.000617321,0.00139395,0.000866241,0.001374037,0.001224685,0.001294382,0.001324253,0.001782265,0.001095247,0.001851962,0.001403907,0.001603043,0.001274469,0.001433777,0.001344166,0.001881833,0.001324253,0.001443734,0.000945895,0.001423821,0.001403907,0.001861919,0.001264512,0.00217058,0.001383993,0.002210407,0.00167274,0.002160623,0.001443734,0.001851962,0.001234642,0.000816457,0.000916024,0.000696975,0.000497839,0.000756716,0.000318617,0.000378358,0.000169265,0.000298704,0.000169265,0.000398272,0.00024892,0.000189179,0.00024892,0.000179222,0.000109525,0.000258876,6.96975e-05,0.000159309,9.95679e-05,0.000229006,0.000109525,0.000159309,0.000209093,0.000179222,7.96543e-05,0.000209093,0.000288747,0.000129438,4.97839e-05,0.00024892,0.00024892,0.000458012,0.000477926,0.000677062,0.000517753,0.000696975,0.00052771,0.000696975,0.000547623,0.000985722,0.000547623,0.000567537,0.000398272,0.000408228,0.000258876,0.000189179,0.000159309,0.000159309,8.96111e-05,5.97407e-05,8.96111e-05,0.000169265,2.98704e-05,0.000179222,0.000139395,0.000318617,0.000378358,0.000766673,0.000856284,0.001622956,0.001722524,0.00573511,0.003743752,0.007427764,0.005137702,0.006422128,0.003644184,0.004410857,0.003305653,0.0035944,0.002489197,0.002519067,0.001593086,0.002290061,0.001125117,0.001493518,0.00111516,0.001125117,0.000935938,0.00083637,0.000487883,0.000657148,0.000567537,0.000467969,0.000288747,0.000428142,0.000438099,0.000428142,0.000348488,0.000567537,0.000746759,0.001125117,0.000925981,0.001453691,0.001164944,0.001742438,0.001563216,0.001901746,0.00164287,0.002309975,0.001712567,0.002041141,0.001503475,0.001254555,0.001324253,0.001234642,0.000995679,0.001135074,0.000935938,0.001055419,0.000617321,0.00058745,0.00058745,0.000726845,0.000627278,0.000985722,0.000687018,0.00108529,0.000796543,0.000975765,0.000796543,0.000896111,0.000955852,0.000756716,0.000418185,0.000716889,0.000338531,0.000906068,0.000448055,0.000428142,0.000756716,0.000965808,0.000866241,0.000726845,0.001184858,0.000876197,0.001284426,0.000866241,0.001005636,0.001244598,0.001354123,0.000617321,0.001105203,0.000746759,0.000786586,0.000458012,0.000637234,0.000398272,0.000567537,0.000338531,0.000477926,0.000448055,0.000776629,0.00055758,0.001374037,0.001194815,0.000657148,"Media Baja Prioridad","0.01","0.24","0.02"
"La Florida",0.00010685,3.72733e-05,2.2364e-05,5.96373e-05,2.98186e-05,5.71524e-05,9.69105e-05,2.73337e-05,8.6971e-05,4.96977e-05,0.000126729,0.000114305,0.000248489,0.000372733,0.000611282,0.000613767,0.001160442,0.000867225,0.001558023,0.001843785,0.001667358,0.001548084,0.001707116,0.001972999,0.002107183,0.001873604,0.004676555,0.001722026,0.002323368,0.000911953,0.001133108,0.000934317,0.000613767,0.000611282,0.000250973,0.000253458,0.000293217,0.000293217,0.000206246,0.000355339,0.000313096,0.000275822,0.000216185,0.000173942,0.0002137,0.000246004,0.000265883,0.000332975,0.000295701,0.00033049,0.000201276,0.000280792,0.000161518,0.000241034,0.000188851,0.000253458,0.000203761,0.000178912,0.000154063,0.000221155,0.000183882,0.000226125,0.000104365,0.000156548,0.000181397,0.000168972,0.00011182,0.000121759,0.000154063,0.000166487,0.000173942,0.000250973,0.000248489,0.000211215,0.000171457,0.000228609,0.000260913,0.000295701,0.000298186,0.00033049,0.00022364,0.000464674,0.00032055,0.000496977,0.000417461,0.000506917,0.000370248,0.000464674,0.000352854,0.000583948,0.000375218,0.000310611,0.000360308,0.000484553,0.000310611,0.000606312,0.000313096,0.00065601,0.000578978,0.000839891,0.000931832,0.001237473,0.000956681,0.001396506,0.001411415,0.001490931,0.001468567,0.001731965,0.001567963,0.002057485,0.001085895,0.002067425,0.001309535,0.001826391,0.001292141,0.001724511,0.001135593,0.001473537,0.001041167,0.001567963,0.001346808,0.001838815,0.001548084,0.002045061,0.001647479,0.002457552,0.001468567,0.00206494,0.001600266,0.001707116,0.001202685,0.001244928,0.000921893,0.000837406,0.000529281,0.000618737,0.000462189,0.000323035,0.000193821,0.000377703,0.000226125,0.00032055,0.000238549,0.000270853,0.000255943,0.000345399,0.000250973,0.000360308,0.000176427,0.000238549,0.000196306,0.000221155,0.000126729,0.000129214,0.00010188,0.000149093,0.000109335,0.000278307,0.000141638,0.00022364,0.000255943,0.000243519,0.000173942,0.00031558,0.000310611,0.000499462,0.000422431,0.000484553,0.000387642,0.000454734,0.00043237,0.000581463,0.000355339,0.000365278,0.000293217,0.000362793,0.000196306,0.000151578,0.000178912,0.000136669,0.000131699,0.000166487,6.70919e-05,0.00011182,0.000124244,0.000136669,0.000134184,0.000298186,0.000382672,0.000834922,0.000931832,0.001244928,0.001329414,0.00413982,0.004718798,0.007101803,0.004430551,0.006642099,0.004480249,0.005131289,0.003655267,0.003801875,0.002825315,0.003319807,0.002211548,0.002790527,0.001821421,0.002325853,0.001324444,0.001488447,0.001073471,0.001016318,0.000601342,0.000810073,0.000611282,0.000658495,0.00033546,0.000663464,0.000464674,0.000675889,0.000449764,0.000889589,0.000621221,0.001110744,0.001090865,0.001538144,0.001085895,0.001886028,0.002161851,0.002186699,0.001779178,0.002581796,0.002204094,0.002551978,0.001873604,0.002007788,0.001669843,0.001625115,0.001225049,0.001495901,0.001120683,0.001215109,0.000817527,0.001080925,0.000832437,0.001085895,0.000867225,0.001389051,0.001033712,0.001386566,0.000966621,0.001162926,0.001207654,0.001264807,0.000867225,0.001041167,0.00064607,0.000956681,0.000598857,0.00109335,0.000745466,0.000583948,0.001381596,0.001433779,0.000844861,0.000780254,0.001225049,0.001090865,0.001548084,0.001051107,0.001048622,0.001364202,0.001697177,0.000906983,0.001028743,0.000690798,0.000998924,0.000459704,0.000703223,0.000407521,0.000459704,0.000280792,0.000618737,0.000402551,0.000703223,0.000583948,0.001150502,0.00097656,0.000621221,"Media Baja Prioridad","0.02","0.19","0.02"
"La Granja",4.07973e-05,2.44784e-05,6.52757e-05,6.52757e-05,1.63189e-05,8.15947e-05,8.15947e-05,4.07973e-05,7.34352e-05,7.34352e-05,8.97542e-05,0.000122392,0.000350857,0.000448771,0.000677236,0.000587482,0.002341768,0.001346312,0.003753356,0.00415317,0.003565688,0.003394339,0.001615575,0.003867588,0.00291293,0.002586552,0.009252837,0.002708944,0.003541209,0.000897542,0.002048027,0.001664532,0.001019934,0.00091386,0.000252944,0.000791468,0.000367176,0.000269262,0.000228465,0.000399814,0.000424292,0.000424292,0.000285581,0.00014687,0.000285581,0.000261103,0.000350857,0.000236625,0.000293741,0.000203987,0.000195827,0.000367176,0.000269262,0.000367176,0.000334538,0.000407973,0.0003019,0.000318219,0.000187668,0.000244784,0.000228465,0.000489568,0.00015503,0.000261103,0.00014687,0.000228465,6.52757e-05,0.000212146,0.000195827,0.000350857,0.000212146,0.000277422,0.000359017,0.000114233,0.000163189,0.000195827,0.000187668,0.000277422,0.000228465,0.000293741,0.000261103,0.000563003,0.000195827,0.000497728,0.000497728,0.000359017,0.000359017,0.000750671,0.000489568,0.00045693,0.000497728,0.000407973,0.000383495,0.000497728,0.000448771,0.000473249,0.000318219,0.000424292,0.000505887,0.000522206,0.000669076,0.000905701,0.001166804,0.001403429,0.001191282,0.001468704,0.001362631,0.001680851,0.001762445,0.002284651,0.001558459,0.002113302,0.001705329,0.002056186,0.001623734,0.001591096,0.001525821,0.001770605,0.001174963,0.002562073,0.001566618,0.002447841,0.001762445,0.002292811,0.001917475,0.002749741,0.002586552,0.002684465,0.001786924,0.002203057,0.001460545,0.001329993,0.000970977,0.000946498,0.000603801,0.000440611,0.000383495,0.000367176,0.000163189,0.000359017,0.000236625,0.000334538,0.000203987,0.000399814,0.000212146,0.000179508,0.00015503,0.000228465,0.000138711,0.000212146,0.000122392,8.97542e-05,7.34352e-05,8.15947e-05,8.15947e-05,0.00015503,0.000138711,0.000244784,0.000252944,0.000269262,0.000220306,0.000359017,0.000269262,0.000318219,0.000350857,0.000399814,0.000293741,0.000726193,0.000407973,0.000505887,0.000432452,0.000726193,0.000603801,0.000514047,0.000375336,0.000473249,0.000203987,0.000138711,0.000106073,0.00014687,0.000130551,0.00015503,4.89568e-05,6.52757e-05,4.89568e-05,8.15947e-05,3.26379e-05,0.000252944,0.000285581,0.000514047,0.000644598,0.001648213,0.001444226,0.004283721,0.003027163,0.006405183,0.004324518,0.006021688,0.00367992,0.004952797,0.002178578,0.003508572,0.00199091,0.001672691,0.000995455,0.001256558,0.000881223,0.002986366,0.000815947,0.000889382,0.00046509,0.000709874,0.000448771,0.000391654,0.000252944,0.000252944,0.000187668,0.000448771,0.000342698,0.000318219,0.000269262,0.000334538,0.000334538,0.000563003,0.000571163,0.000979136,0.000440611,0.001126007,0.000954658,0.001982751,0.001191282,0.001901156,0.001272877,0.001656372,0.001060731,0.001134166,0.000987296,0.000930179,0.000783309,0.000701714,0.000481409,0.000946498,0.000318219,0.000497728,0.000554844,0.000726193,0.000375336,0.000497728,0.000514047,0.000791468,0.000514047,0.00077515,0.000505887,0.000660917,0.000473249,0.000579322,0.000277422,0.000399814,0.000228465,0.000571163,0.000326379,0.000359017,0.00091386,0.000783309,0.000563003,0.000440611,0.000848585,0.000571163,0.000987296,0.000603801,0.000497728,0.000693555,0.00107705,0.000481409,0.00077515,0.000359017,0.00046509,0.0003019,0.000530365,0.000285581,0.000359017,0.000244784,0.000440611,0.0003019,0.000587482,0.000407973,0.00106889,0.000815947,0.000628279,"Alta Prioridad","0.02","0.03","0.02"
"La Pintana",0,5.28164e-05,1.58449e-05,2.64082e-05,3.69715e-05,7.3943e-05,8.45063e-05,7.92247e-05,9.50696e-05,0.000100351,0.000110915,0.00035387,0.000390842,0.000401405,0.000728867,0.000411968,0.001473579,0.001198933,0.0019278,0.001964771,0.003036945,0.002545752,0.002524626,0.003253492,0.003797502,0.002735891,0.008889006,0.002566879,0.002994692,0.0010933,0.002286952,0.001262313,0.000602107,0.001114427,0.000596826,0.00228167,0.000602107,0.000464785,0.00041725,0.000845063,0.000691895,0.00041725,0.000390842,0.000438376,0.000507038,0.00067605,0.000264082,0.001130272,0.000665487,0.000390842,0.000237674,0.000221829,0.000147886,0.000195421,0.000274645,0.000242956,0.000158449,0.000264082,0.000142604,0.000258801,0.000158449,0.000348588,0.000153168,0.000253519,0.000227111,0.000221829,0.000211266,0.000242956,0.000184858,0.000184858,0.000258801,0.000179576,0.000411968,0.000216547,0.000227111,0.000216547,0.000285209,0.000343307,0.000158449,0.000190139,0.000137323,0.000295772,0.000227111,0.000565136,0.000501756,0.000602107,0.000533446,0.000528164,0.000470066,0.000433095,0.000374997,0.000380278,0.000390842,0.00038556,0.000380278,0.000427813,0.000427813,0.000586262,0.00041725,0.000617952,0.000554573,0.000982386,0.00086619,0.001214778,0.001066892,0.001463015,0.001420762,0.0019278,0.001531677,0.002265825,0.00157393,0.002271107,0.001874983,0.002397866,0.001536958,0.002102094,0.001563367,0.002091531,0.001610901,0.002350331,0.001700689,0.002429556,0.001811604,0.002926031,0.00199118,0.002735891,0.002165474,0.002661948,0.001621465,0.002043996,0.001346819,0.001373227,0.000892598,0.000808091,0.000607389,0.000765838,0.000374997,0.000522883,0.000205984,0.000554573,0.000359152,0.00032218,0.000205984,0.000205984,0.000237674,0.000348588,0.000184858,0.000285209,0.000205984,0.000264082,9.50696e-05,0.000147886,5.80981e-05,0.000121478,8.45063e-05,0.000169013,5.28164e-05,0.000142604,0.000158449,0.000253519,0.000126759,0.000242956,0.000153168,0.000269364,0.000274645,0.00044894,0.000253519,0.000533446,0.000274645,0.000554573,0.000438376,0.000565136,0.000380278,0.000522883,0.000364433,0.000470066,0.000221829,0.000205984,0.000179576,8.97879e-05,0.000142604,8.97879e-05,6.86614e-05,7.92247e-05,5.28164e-05,7.3943e-05,7.3943e-05,0.000190139,0.000153168,0.000369715,0.000427813,0.000781683,0.000855626,0.002693638,0.00273061,0.003623208,0.003554546,0.004700663,0.004014049,0.003860882,0.002640822,0.00308448,0.001642591,0.001917237,0.001045765,0.001536958,0.001029921,0.001209496,0.000602107,0.000580981,0.000454221,0.000443658,0.000227111,0.000211266,0.000195421,0.000205984,8.45063e-05,0.000205984,0.000153168,0.000200702,0.000153168,0.000195421,0.000169013,0.000248237,0.000343307,0.000464785,0.000264082,0.00070774,0.00086619,0.000718304,0.000575699,0.00118837,0.000776402,0.000897879,0.000702459,0.000401405,0.000475348,0.00035387,0.000380278,0.000433095,0.000316899,0.000369715,0.000205984,0.000295772,0.000163731,0.000306335,0.000153168,0.000274645,0.000232392,0.000264082,0.000195421,0.000279927,0.000258801,0.000248237,0.000205984,0.000264082,0.000137323,0.000195421,0.000137323,0.000190139,0.000153168,0.000116196,0.000306335,0.000364433,0.000163731,0.000121478,0.000269364,0.000279927,0.000348588,0.000253519,0.000200702,0.000274645,0.000485911,0.000237674,0.00029049,0.000205984,0.000338025,0.000142604,0.000169013,0.000100351,0.000153168,4.75348e-05,0.000237674,0.000126759,0.000227111,0.000137323,0.000427813,0.00035387,0.000216547,"Alta Prioridad","0.03","0.01","0.02"
"La Reina",0.000239397,1.99497e-05,3.98995e-05,4.98743e-05,8.97738e-05,7.97989e-05,1.99497e-05,1.99497e-05,2.99246e-05,2.99246e-05,2.99246e-05,0.000189522,0.000239397,0.000279296,0.00036907,0.000219447,0.000518693,0.000468819,0.000897738,0.001007461,0.001586003,0.000907713,0.001286757,0.000887763,0.001566054,0.001147109,0.002872761,0.001187009,0.001336632,0.000438894,0.001017436,0.000907713,0.000438894,0.00032917,5.98492e-05,0.00034912,9.97486e-05,0.000209472,0.000169573,0.000359095,0.000149623,0.000269321,0.000249372,0.000359095,0.000259346,0.000259346,0.000189522,0.000139648,0.000149623,0.000139648,0.000129673,0.000189522,6.9824e-05,0.000129673,0.000229422,0.000339145,0.000169573,0.000119698,0.000109723,0.000239397,0.000129673,9.97486e-05,3.98995e-05,0.000319196,3.98995e-05,0.000199497,0.000109723,0.000109723,8.97738e-05,0.000179548,0.000119698,0.000109723,0.000149623,0.000109723,9.97486e-05,0.000129673,0.000269321,0.000209472,0.000149623,0.000259346,0.000119698,0.000418944,0.000209472,0.000359095,0.000289271,0.000568567,0.000339145,0.000468819,0.000339145,0.00036907,0.000169573,0.00036907,0.000249372,0.000239397,0.000259346,0.000438894,0.000259346,0.000289271,0.000379045,0.000568567,0.000518693,0.000967562,0.000778039,0.001216933,0.000778039,0.001167059,0.000977537,0.001326657,0.001097235,0.001336632,0.000678291,0.00112716,0.000788014,0.000817939,0.000638391,0.001027411,0.000588517,0.000668316,0.000478793,0.00075809,0.000708215,0.000997486,0.000768064,0.001147109,0.000897738,0.001536129,0.001406456,0.00145633,0.001266808,0.001366556,0.000817939,0.000957587,0.000748115,0.000857838,0.000538643,0.000418944,0.00038902,0.000408969,0.000209472,0.000418944,0.000279296,0.000398995,0.000239397,0.000438894,0.000339145,0.000448869,0.000309221,0.000299246,0.000159598,0.000199497,8.97738e-05,0.000199497,0.000139648,0.000139648,0.000189522,0.000189522,0.000129673,0.000309221,0.000139648,0.000199497,0.000229422,0.000259346,0.000269321,0.00032917,0.000428919,0.000588517,0.000319196,0.000468819,0.000458844,0.000558592,0.000568567,0.000548617,0.000309221,0.000289271,0.000119698,0.00038902,9.97486e-05,7.97989e-05,4.98743e-05,2.99246e-05,4.98743e-05,2.99246e-05,6.9824e-05,0.000129673,7.97989e-05,0.000219447,0.000209472,0.000668316,0.000528668,0.001266808,0.001486255,0.001975023,0.002224395,0.006553485,0.004329091,0.006573435,0.005037306,0.006882656,0.004089694,0.005196904,0.003780473,0.003860272,0.003191956,0.003481227,0.00215457,0.003341579,0.001955073,0.002304193,0.00149623,0.001955073,0.001196984,0.001566054,0.001167059,0.001356581,0.001306707,0.001007461,0.000748115,0.000768064,0.000728165,0.001177034,0.000778039,0.001296732,0.001017436,0.001875274,0.001595978,0.002473766,0.001665802,0.003491202,0.002573515,0.003491202,0.002962534,0.004578462,0.003590951,0.003640825,0.002224395,0.003042333,0.003042333,0.002862786,0.002224395,0.002254319,0.001576028,0.001945098,0.001007461,0.001725651,0.00110721,0.001875274,0.001566054,0.001945098,0.001466305,0.001835375,0.001117185,0.001446355,0.001266808,0.00147628,0.000947612,0.001336632,0.000827914,0.001157084,0.000638391,0.000937637,0.000708215,0.000588517,0.001516179,0.001915174,0.001027411,0.00110721,0.001785501,0.00112716,0.001835375,0.001226908,0.001187009,0.001506204,0.001745601,0.001047361,0.001416431,0.001216933,0.001376531,0.000897738,0.001017436,0.000528668,0.000887763,0.000478793,0.000937637,0.000418944,0.001147109,0.000658341,0.001725651,0.001366556,0.000817939,"Sin Prioridad","0","0.53","0.03"
"Las Condes",0.000547226,8.16304e-05,4.83736e-05,0.000102794,2.41868e-05,4.53502e-05,4.53502e-05,3.02335e-05,4.23269e-05,1.81401e-05,6.0467e-05,2.72101e-05,0.000163261,0.000205588,0.000450479,0.000338615,0.000674207,0.000371872,0.001073289,0.000985612,0.001136779,0.000891888,0.000940262,0.000867701,0.001015845,0.000764907,0.001720286,0.000864678,0.000813281,0.000359779,0.000656067,0.000520016,0.000299312,0.000241868,0.000181401,0.000250938,0.000175354,0.000160238,0.000114887,0.000196518,0.000178378,0.000175354,0.000145121,0.000199541,0.000139074,0.000178378,0.000120934,0.000123957,0.000142097,0.000157214,0.000175354,0.000229775,9.67472e-05,0.000281171,0.000181401,0.000272101,0.000181401,0.000459549,0.000133027,0.000187448,0.000151167,0.000284195,9.67472e-05,0.000136051,0.000105817,0.000199541,0.000166284,0.000114887,0.000114887,0.000133027,0.000133027,0.000142097,0.000229775,0.000217681,0.000169308,0.000211634,0.000181401,0.000256985,0.000169308,0.000317452,0.000266055,0.000393035,0.000232798,0.000414199,0.000356755,0.000432339,0.000386989,0.000426292,0.000302335,0.000432339,0.000284195,0.000317452,0.000217681,0.000266055,0.000250938,0.000323498,0.000269078,0.000393035,0.000393035,0.000523039,0.000516993,0.000743744,0.000592576,0.000919098,0.000589553,0.001124686,0.000861655,0.001163989,0.00063188,0.000900958,0.000480713,0.000538156,0.000365825,0.000414199,0.000260008,0.000501876,0.000278148,0.000426292,0.000341638,0.000628857,0.000565366,0.000855608,0.000674207,0.001130733,0.000840491,0.001157943,0.000910028,0.0011912,0.000795141,0.001000729,0.000589553,0.00065002,0.000417222,0.000492806,0.000302335,0.000386989,0.000181401,0.000256985,0.000184424,0.000205588,0.000148144,0.000250938,0.000202564,0.000199541,0.000217681,0.000356755,0.000223728,0.000299312,0.000151167,0.000160238,0.000133027,0.000202564,7.86071e-05,9.97705e-05,8.16304e-05,0.000157214,9.37238e-05,0.000220705,0.000154191,0.000266055,0.000163261,0.000293265,0.000272101,0.000450479,0.000426292,0.000529086,0.000456526,0.000767931,0.000405129,0.000471642,0.000589553,0.000498853,0.000281171,0.000362802,0.000184424,0.000284195,0.000114887,9.97705e-05,6.34903e-05,6.0467e-05,6.34903e-05,0.000139074,9.97705e-05,0.000196518,0.000148144,0.000396059,0.000365825,0.001094452,0.001363531,0.002376353,0.002010527,0.002866135,0.002424726,0.008822133,0.005369468,0.006188796,0.004507814,0.006028559,0.003900121,0.004776892,0.003201727,0.004048265,0.002451936,0.003658253,0.002013551,0.002917532,0.001590282,0.002324956,0.001490511,0.002037737,0.00133632,0.001680982,0.00130004,0.001502605,0.000913051,0.001148873,0.000680254,0.001097476,0.00066816,0.00118213,0.000858631,0.001381671,0.001206316,0.001780753,0.001871453,0.002627291,0.002101228,0.003425455,0.002950789,0.003331731,0.002938696,0.004374786,0.003407315,0.003643136,0.002406586,0.002923579,0.002300769,0.002675664,0.001907733,0.002252395,0.001699122,0.002086111,0.00117306,0.001599352,0.001197246,0.00188657,0.001043056,0.001665865,0.00120027,0.001729356,0.001018869,0.001439114,0.001043056,0.001430044,0.000674207,0.001091429,0.00058653,0.001015845,0.00057746,0.001154919,0.000616763,0.000462572,0.00135446,0.001596328,0.001040032,0.000834444,0.001378647,0.001055149,0.001427021,0.001003752,0.000919098,0.00124562,0.001433068,0.000855608,0.00134539,0.000894911,0.001109569,0.000628857,0.000761884,0.000414199,0.000616763,0.000329545,0.000701417,0.000390012,0.000819328,0.000656067,0.001046079,0.000964448,0.000492806,"Sin Prioridad","0","0.63","0.02"
"Lo Barnechea",0.000548051,8.05958e-05,5.6417e-05,9.67149e-05,6.44766e-05,4.02979e-05,4.83575e-05,7.25362e-05,0.000153132,0.000104774,0.000104774,0.00019343,0.000354621,0.000282085,0.000870434,0.000330443,0.000789838,0.000451336,0.00133789,0.001208936,0.001354009,0.00095909,0.001507141,0.000878494,0.001466843,0.000822077,0.003368903,0.001321771,0.002168026,0.000435217,0.000894613,0.000580289,0.000370741,0.000411038,0.00076566,0.000636707,0.000274026,0.000282085,0.00018537,0.000306264,0.000314323,0.000636707,0.000233728,0.000290145,0.000241787,0.000362681,0.000241787,0.00019343,0.000274026,0.000128953,0.000161192,0.000128953,4.83575e-05,0.000177311,0.00019343,0.000330443,8.05958e-05,0.000257906,0.00019343,0.000137013,0.000137013,0.000265966,9.67149e-05,0.000177311,0.000145072,0.000394919,0.000161192,9.67149e-05,0.000120894,0.000241787,0.000169251,8.86553e-05,0.000257906,9.67149e-05,0.000137013,0.000169251,0.000290145,0.00057223,0.000201489,0.000346562,0.000282085,0.000419098,0.000169251,0.000491634,0.000660885,0.0007576,0.000290145,0.000306264,0.000201489,0.000233728,0.000282085,0.000338502,0.000265966,0.000306264,0.000265966,0.000419098,0.000265966,0.000402979,0.000290145,0.000580289,0.000435217,0.001047745,0.000604468,0.000983268,0.000773719,0.001208936,0.001063864,0.001313711,0.000838196,0.001402366,0.000797898,0.000701183,0.000773719,0.000411038,0.00038686,0.000596409,0.000427158,0.000644766,0.000491634,0.000838196,0.000604468,0.00132983,0.000781779,0.001797286,0.001636094,0.00171669,0.001055805,0.001765047,0.000991328,0.001587737,0.000789838,0.000894613,0.000620587,0.000612528,0.000475515,0.000725362,0.000499694,0.000402979,0.000153132,0.000435217,0.000257906,0.000362681,0.000217609,0.000330443,0.000274026,0.000314323,0.000177311,0.000233728,0.000217609,0.000201489,0.000201489,0.000177311,9.67149e-05,0.000153132,3.22383e-05,0.000153132,9.67149e-05,0.000169251,8.86553e-05,0.000161192,0.000128953,0.000265966,0.000241787,0.000249847,0.000539992,0.000596409,0.000483575,0.000612528,0.000394919,0.000435217,0.000725362,0.000499694,0.0003788,0.000411038,0.000322383,0.000257906,0.000169251,0.000137013,8.86553e-05,0.000112834,4.83575e-05,0.000112834,2.41787e-05,0.000177311,0.000225668,0.000588349,0.0003788,0.001354009,0.001837583,0.002611303,0.002377575,0.002941745,0.002345337,0.006455721,0.003586511,0.005254844,0.00342532,0.005416035,0.002820852,0.004827686,0.002611303,0.003779941,0.001942358,0.00361069,0.002232503,0.002893388,0.001563558,0.002296979,0.001482962,0.001740868,0.001047745,0.001426545,0.000975209,0.001112222,0.000854315,0.001168639,0.000556111,0.000975209,0.0007576,0.000838196,0.0007576,0.0011364,0.001023566,0.001781166,0.001474902,0.001789226,0.001619975,0.003288307,0.002345337,0.00265966,0.002192205,0.003578452,0.002562945,0.002836971,0.001547439,0.002538767,0.001603856,0.00190206,0.0011364,0.001394307,0.000854315,0.001112222,0.000677004,0.0011364,0.000580289,0.001466843,0.000773719,0.001168639,0.000773719,0.001015507,0.000685064,0.000878494,0.000620587,0.000789838,0.000539992,0.000660885,0.000338502,0.000467455,0.000274026,0.000660885,0.000330443,0.000523872,0.001039685,0.000789838,0.000515813,0.000394919,0.000717302,0.000499694,0.000781779,0.000652826,0.000604468,0.000967149,0.000983268,0.000346562,0.000926851,0.000580289,0.000443277,0.000314323,0.000628647,0.000314323,0.000451336,0.00018537,0.000411038,0.000241787,0.000338502,0.000346562,0.000580289,0.000701183,0.000298204,"Sin Prioridad","0.01","0.26","0.05"
"Lo Espejo",3.85115e-05,2.88836e-05,1.92558e-05,5.77673e-05,7.70231e-05,0.000105907,0.00013479,7.70231e-05,3.85115e-05,6.73952e-05,0.000125162,0.000192558,0.000288836,0.000308092,0.000577673,0.000346604,0.001588601,0.000982044,0.002532133,0.001030183,0.001598228,0.002252924,0.001887065,0.002426226,0.003466038,0.001434554,0.005613055,0.002580272,0.002561017,0.001222741,0.001347904,0.001059067,0.000847254,0.000962788,0.000548789,0.00050065,0.000336976,0.000568045,0.000336976,0.000654696,0.000394743,0.000385115,0.000154046,0.00036586,0.000308092,0.000413999,0.00031772,0.000413999,0.000346604,0.000336976,0.00036586,0.000288836,0.000192558,0.000240697,0.000240697,0.000288836,0.000115535,0.000202186,0.000105907,0.000125162,0.00018293,0.00045251,0.000173302,0.00013479,0.000221441,0.000173302,7.70231e-05,0.000211813,0.00018293,0.000240697,0.000259953,0.000471766,0.000394743,0.000211813,0.000115535,0.000336976,0.000240697,0.000308092,8.66509e-05,0.00031772,0.000221441,0.000202186,0.000221441,0.000471766,0.00031772,0.00036586,0.000298464,0.00050065,0.000394743,0.000568045,0.000375487,0.000519906,0.000404371,0.000539161,0.000288836,0.000269581,0.000269581,0.000491022,0.000404371,0.000568045,0.000471766,0.001049439,0.000385115,0.00113609,0.000712463,0.001078323,0.001049439,0.001203485,0.001251625,0.002474366,0.001973716,0.002329948,0.001424927,0.001742647,0.001473066,0.001251625,0.000799114,0.001309392,0.001010928,0.001405671,0.001232369,0.001232369,0.001039811,0.001521205,0.001646368,0.002252924,0.00118423,0.001781158,0.001396043,0.001540461,0.000991672,0.000789486,0.000760603,0.000645068,0.000645068,0.000673952,0.000202186,0.000404371,0.000202186,0.000298464,0.000288836,0.000115535,0.000115535,0.000202186,9.62788e-05,0.000336976,0.000144418,0.000211813,0.000105907,0.000163674,0.000125162,7.70231e-05,7.70231e-05,0.000115535,0.000105907,0.000125162,1.92558e-05,0.000240697,7.70231e-05,0.000173302,0.000154046,0.000308092,0.000202186,0.00031772,0.000173302,0.000394743,0.000202186,0.000654696,0.000308092,0.00081837,0.00050065,0.000596929,0.000404371,0.000413999,0.000240697,0.000423627,0.000221441,0.000144418,0.00018293,0.000163674,5.77673e-05,1.92558e-05,5.77673e-05,5.77673e-05,2.88836e-05,0.00013479,7.70231e-05,0.000202186,0.000327348,0.000645068,0.000972416,0.001588601,0.00150195,0.003735618,0.004948732,0.007028354,0.004005199,0.007018726,0.003119434,0.004188129,0.002965388,0.002464738,0.001723391,0.002118134,0.001521205,0.001607856,0.000924277,0.001203485,0.000799114,0.000722091,0.00036586,0.000539161,0.000404371,0.000394743,0.000221441,0.000375487,0.000173302,0.00031772,0.00018293,0.000346604,0.000192558,0.000375487,0.000327348,0.000462138,0.000587301,0.000856882,0.000693208,0.00118423,0.000962788,0.001010928,0.001126462,0.001299764,0.001010928,0.001251625,0.00095316,0.000789486,0.000856882,0.00095316,0.000712463,0.000856882,0.000471766,0.000731719,0.000519906,0.000462138,0.000413999,0.000673952,0.000529534,0.00068358,0.000587301,0.000808742,0.000664324,0.000789486,0.000654696,0.000616184,0.000529534,0.000442883,0.000327348,0.000606557,0.00031772,0.000654696,0.000423627,0.000385115,0.000731719,0.000731719,0.000654696,0.000558417,0.00081837,0.000779858,0.000866509,0.00050065,0.000519906,0.000702835,0.001126462,0.000616184,0.000770231,0.000722091,0.00068358,0.000375487,0.000712463,0.000491022,0.000413999,0.000413999,0.000596929,0.000510278,0.000808742,0.000481394,0.001309392,0.000905021,0.000529534,"Media Alta Prioridad","0.03","0.01","0.02"
"Lo Prado",0.000134096,3.83131e-05,1.91565e-05,4.78913e-05,6.70479e-05,2.87348e-05,7.66262e-05,3.83131e-05,0.000143674,0.000124517,0.000124517,0.0002203,0.000565118,0.000383131,0.000459757,0.000680057,0.000584274,0.000431022,0.001743245,0.00099614,0.00171451,0.002193424,0.002088063,0.002097641,0.002337098,0.003812151,0.007892494,0.003869621,0.003237455,0.00093867,0.001752823,0.00149421,0.001091923,0.001618727,0.000747105,0.00071837,0.00027777,0.000574696,0.000383131,0.000747105,0.000392709,0.000469335,0.000373552,0.000574696,0.000335239,0.000632166,0.000488492,0.000421444,0.000536383,0.000526805,0.000287348,0.000249035,0.000172409,0.0002203,0.000210722,0.000249035,0.000181987,0.000344818,0.000191565,0.000201144,9.57827e-05,0.000268192,0.00027777,0.000258613,0.000249035,0.0002203,0.000134096,0.000181987,0.000143674,0.000114939,0.000181987,0.000153252,0.000258613,0.000114939,0.000201144,0.000191565,0.000191565,0.000210722,0.000162831,0.000383131,0.000287348,0.000431022,0.000469335,0.000411866,0.0004406,0.000517227,0.000383131,0.000641744,0.000325661,0.000584274,0.000344818,0.000545961,0.000488492,0.000727948,0.000392709,0.0004406,0.000363974,0.000689635,0.000565118,0.000862044,0.000632166,0.001369692,0.001091923,0.001360114,0.001101501,0.001886919,0.001139814,0.002088063,0.00149421,0.002624446,0.001666619,0.002222158,0.001484632,0.00177198,0.001561258,0.002471193,0.001331379,0.002021015,0.00155168,0.001877341,0.001446319,0.002595711,0.001982702,0.00276812,0.002059328,0.002883059,0.003122516,0.002748963,0.002021015,0.002078484,0.001982702,0.001360114,0.00093867,0.001158971,0.000584274,0.00077584,0.000574696,0.000363974,0.000210722,0.000574696,0.000325661,0.000402287,0.000306505,0.0002203,0.000258613,0.000239457,0.000296926,0.000306505,0.000210722,0.000383131,0.000134096,0.000124517,0.000143674,0.000201144,7.66262e-05,0.000172409,7.66262e-05,0.000162831,0.000124517,0.000239457,0.000249035,0.000450179,0.000373552,0.000363974,0.000402287,0.000545961,0.00049807,0.00071837,0.000632166,0.000641744,0.000565118,0.000680057,0.000699214,0.000507648,0.000584274,0.00055554,0.000421444,0.000316083,0.000191565,0.000287348,0.000105361,7.66262e-05,8.62044e-05,0.000210722,9.57827e-05,0.000191565,9.57827e-05,0.000191565,0.000411866,0.001197284,0.000976983,0.002078484,0.002605289,0.005469191,0.004817869,0.006379127,0.005373409,0.005861901,0.004032451,0.00420486,0.002375411,0.002796854,0.001858184,0.002231737,0.001609149,0.001858184,0.000842888,0.00143674,0.000613009,0.000794996,0.000431022,0.000632166,0.000411866,0.000373552,0.000363974,0.000373552,0.000162831,0.0004406,0.000335239,0.000268192,0.000201144,0.0004406,0.000411866,0.00071837,0.000680057,0.001417584,0.001044031,0.001484632,0.001321801,0.001724088,0.001321801,0.001733667,0.001398427,0.001685775,0.001005718,0.00099614,0.00093867,0.000651322,0.00077584,0.000909936,0.000603431,0.000584274,0.0004406,0.000699214,0.000517227,0.000833309,0.000603431,0.000727948,0.000670479,0.000852466,0.000363974,0.000680057,0.000641744,0.000641744,0.000421444,0.000670479,0.000249035,0.000670479,0.000354396,0.000766262,0.000344818,0.000402287,0.000823731,0.000842888,0.000268192,0.000526805,0.000823731,0.000517227,0.00093867,0.000593853,0.000708792,0.000814153,0.001015296,0.000833309,0.000890779,0.000622587,0.000794996,0.000680057,0.000574696,0.000402287,0.000411866,0.000287348,0.000469335,0.000363974,0.000660901,0.00055554,0.001072766,0.000852466,0.000431022,"Media Alta Prioridad","0.04","0.05","0.04"
"Macul",7.42749e-05,3.71374e-05,5.94199e-05,8.17024e-05,2.22825e-05,4.45649e-05,4.45649e-05,1.4855e-05,4.45649e-05,5.19924e-05,0.000185687,0.000155977,0.000193115,0.000334237,0.000675902,0.000475359,0.001396368,0.001091841,0.002064842,0.001544918,0.00189401,0.002020277,0.001671185,0.001782597,0.002406506,0.00174546,0.005889999,0.002064842,0.00201285,0.000646192,0.001091841,0.001128978,0.000646192,0.000564489,0.000252535,0.000519924,0.000230252,0.000549634,0.00023768,0.000386229,0.000230252,0.000557062,0.000289672,0.000282245,0.000252535,0.000163405,0.000259962,0.000497642,0.000230252,0.000200542,0.000170832,0.000319382,0.000133695,0.000170832,0.00017826,0.000363947,0.00014855,0.000170832,0.000222825,0.000126267,0.000170832,0.00020797,8.17024e-05,0.000200542,0.000230252,0.000170832,0.00011884,0.00011884,0.000141122,0.000274817,8.91299e-05,0.000252535,0.000185687,0.000126267,0.00023768,0.0002971,0.000356519,0.000460504,0.000193115,0.000401084,0.00026739,0.000557062,0.000252535,0.000542207,0.000505069,0.000690756,0.000371374,0.000616482,0.000319382,0.000571917,0.000393657,0.000334237,0.000274817,0.000371374,0.000438222,0.000445649,0.000430794,0.000720466,0.000475359,0.000765031,0.000601627,0.001158688,0.000683329,0.001151261,0.000772459,0.001455788,0.000958146,0.00159691,0.001054703,0.00180488,0.001195826,0.00180488,0.001047276,0.001752887,0.001143833,0.001359231,0.001084413,0.001322093,0.000794741,0.001091841,0.000891299,0.0015672,0.001084413,0.002205964,0.001426078,0.002146544,0.001307238,0.002287667,0.001359231,0.001738032,0.001091841,0.001232963,0.000675902,0.000646192,0.000586772,0.000571917,0.000341665,0.000259962,0.000282245,0.000282245,0.000304527,0.000259962,0.000304527,0.000319382,0.000215397,0.000274817,0.000245107,0.00020797,7.42749e-05,0.000185687,0.000133695,0.00017826,5.94199e-05,0.000103985,0.000103985,0.000133695,0.00011884,0.00020797,0.000193115,0.000245107,0.000170832,0.000341665,0.000215397,0.000341665,0.000304527,0.000482787,0.000586772,0.000497642,0.000586772,0.000675902,0.000512497,0.000549634,0.000453077,0.000363947,0.000311955,0.000334237,0.00014855,0.000155977,8.17024e-05,0.000111412,5.94199e-05,5.19924e-05,0.000163405,0.000103985,5.94199e-05,8.91299e-05,0.000215397,0.000319382,0.000349092,0.000839306,0.001099268,0.001960857,0.002161399,0.005860289,0.004642181,0.007769154,0.005934564,0.006721878,0.004783303,0.004983845,0.003565195,0.003921714,0.002970996,0.003186393,0.002295094,0.002413934,0.001188398,0.002317377,0.001336948,0.001604338,0.000965574,0.001017566,0.000876444,0.001062131,0.000631337,0.000802169,0.0002971,0.000735321,0.000274817,0.000542207,0.000334237,0.000876444,0.000772459,0.001277528,0.001114123,0.001946002,0.001374085,0.002139117,0.002057414,0.002540201,0.002005422,0.002473354,0.002295094,0.002807591,0.00180488,0.001634048,0.001879155,0.001582055,0.001381513,0.00162662,0.001232963,0.001002711,0.000683329,0.001084413,0.000735321,0.000913581,0.000779886,0.001210681,0.000831879,0.001426078,0.000750176,0.001017566,0.000817024,0.000973001,0.000794741,0.000787314,0.000594199,0.000787314,0.000490214,0.001017566,0.000378802,0.000401084,0.001173543,0.001336948,0.000631337,0.000571917,0.001002711,0.000891299,0.001121551,0.000950719,0.000609054,0.000965574,0.001232963,0.000794741,0.000898726,0.000512497,0.000631337,0.000401084,0.000542207,0.000245107,0.000415939,0.000193115,0.000311955,0.000259962,0.000482787,0.000401084,0.000794741,0.000519924,0.000408512,"Media Baja Prioridad","0.02","0.17","0"
"Pedro Aguirre Cerda",6.49333e-05,5.56571e-05,0,2.78285e-05,2.78285e-05,0.000157695,0.000166971,0.000148419,7.42094e-05,0.000102038,0.000185524,0.000185524,0.000473085,0.000454533,0.000602952,0.00051019,0.001632608,0.001224456,0.00216135,0.000964723,0.001437808,0.00153057,0.001178075,0.002254112,0.002578778,0.001938722,0.006613916,0.002755025,0.002393254,0.00082558,0.001382151,0.001382151,0.000890513,0.000844132,0.000361771,0.000751371,0.000343219,0.000454533,0.000343219,0.000519466,0.00031539,0.000352495,0.000176247,0.00031539,0.000204076,0.000241181,0.000157695,0.000398876,0.000222628,0.000296838,0.000213352,0.000102038,0.000102038,0.000111314,0.000361771,0.000287562,8.34856e-05,9.27618e-05,0.000204076,0.000129867,0.000213352,0.000296838,6.49333e-05,0.000306114,0.0001948,0.000129867,0.000157695,0.000306114,0.000148419,0.000157695,0.000241181,0.000176247,0.000296838,0.000324666,0.000111314,0.000231904,0.000250457,0.0003896,0.0001948,0.000296838,0.000204076,0.000426704,0.000278285,0.000343219,0.000343219,0.000519466,0.000408152,0.00043598,0.00031539,0.00063078,0.000528742,0.000250457,0.000454533,0.000463809,0.000380323,0.000621504,0.000259733,0.000871961,0.000380323,0.000686437,0.000538018,0.000686437,0.000834856,0.001725369,0.001159522,0.001131694,0.001326494,0.001706817,0.001029656,0.001883064,0.00114097,0.001864512,0.001743922,0.001762474,0.001901617,0.002050036,0.00133577,0.002096417,0.001280113,0.001901617,0.001883064,0.002486016,0.00184596,0.003218834,0.001706817,0.003079692,0.001808855,0.002949825,0.001985102,0.002625159,0.001298665,0.001604779,0.001029656,0.00121518,0.000723542,0.00070499,0.000343219,0.000380323,0.000250457,0.000287562,0.000185524,0.0001948,0.00012059,0.000241181,0.000148419,0.000259733,0.000231904,0.0001948,0.000129867,0.000166971,0.000111314,0.000157695,6.49333e-05,9.27618e-05,8.34856e-05,0.000204076,6.49333e-05,0.000296838,0.000148419,0.000296838,0.000157695,0.000139143,0.00031539,0.000398876,0.000352495,0.000473085,0.000371047,0.00063078,0.00043598,0.000658609,0.000575123,0.000760647,0.000658609,0.000742094,0.000426704,0.000649333,0.000296838,0.000259733,6.49333e-05,9.27618e-05,4.63809e-05,0.000102038,0.000129867,7.42094e-05,0.00012059,0.00012059,0.000102038,0.000361771,0.000324666,0.000658609,0.001085313,0.002300493,0.002486016,0.004703023,0.005036966,0.008469152,0.004879271,0.006613916,0.004907099,0.004378357,0.003293044,0.003413634,0.002124245,0.002680816,0.001586227,0.002003655,0.001243008,0.001363598,0.000881237,0.00094617,0.000640056,0.000714266,0.000491638,0.000473085,0.000287562,0.0003896,0.000222628,0.000296838,0.000204076,0.000241181,0.000185524,0.000343219,0.0003896,0.000871961,0.000816304,0.001400703,0.000695713,0.001326494,0.001131694,0.001391427,0.001252284,0.00184596,0.00126156,0.001660436,0.001252284,0.001270837,0.000973999,0.000973999,0.001048208,0.001131694,0.000714266,0.001001827,0.000454533,0.000556571,0.000408152,0.000936894,0.000621504,0.000973999,0.000732818,0.001131694,0.000927618,0.000992551,0.000751371,0.001001827,0.000528742,0.000621504,0.000788475,0.000742094,0.000473085,0.00102038,0.000445257,0.000408152,0.001150246,0.000862685,0.000556571,0.00070499,0.001113142,0.000955447,0.001252284,0.001076037,0.000667885,0.001122418,0.001317218,0.000649333,0.00114097,0.000658609,0.001057484,0.000528742,0.000584399,0.000408152,0.000426704,0.000306114,0.000677161,0.000491638,0.000890513,0.000640056,0.001567674,0.001614055,0.000742094,"Media Alta Prioridad","0.03","0.11","0.01"
"Providencia",0.000519813,3.16959e-05,4.43743e-05,6.33918e-05,6.9731e-05,8.87486e-05,4.43743e-05,6.9731e-05,0.000107766,0.000101427,0.000101427,2.53567e-05,0.000164819,0.00015214,0.000374012,0.000399369,0.000633918,0.000304281,0.001179088,0.000887486,0.001426316,0.000824094,0.001280515,0.000881147,0.001236141,0.000532491,0.002446925,0.000881147,0.001071322,0.000481778,0.000811416,0.000722667,0.000456421,0.000247228,0.000171158,0.000437404,0.000278924,0.000177497,0.000221871,0.000240889,0.000209193,0.000297942,0.000133123,0.000183836,0.000126784,0.000177497,9.50878e-05,0.000126784,0.000145801,0.000114105,9.50878e-05,0.00015848,6.33918e-05,0.000202854,0.000120445,0.000278924,0.000114105,0.000171158,7.60702e-05,0.000133123,0.000145801,0.000215532,6.9731e-05,0.00023455,0.000133123,0.000196515,0.00015214,0.000133123,8.87486e-05,0.000139462,0.000139462,0.000145801,0.000323298,0.000221871,0.00015214,0.000278924,0.00015214,0.000297942,0.000215532,0.000259907,0.000272585,0.000507135,0.000259907,0.000361334,0.000291602,0.000367673,0.000367673,0.000272585,0.000412047,0.000316959,0.000348655,0.000221871,0.000259907,0.000399369,0.000240889,0.000450082,0.000272585,0.000323298,0.000393029,0.00054517,0.000526152,0.00077972,0.000640258,0.001045965,0.000887486,0.001179088,0.000811416,0.001084001,0.000805076,0.000792398,0.000754363,0.000481778,0.000551509,0.000633918,0.000354994,0.000684632,0.000500796,0.00046276,0.000354994,0.000640258,0.000640258,0.001001591,0.000659275,0.001071322,0.00085579,0.001064983,0.001064983,0.001198106,0.000988913,0.001134714,0.000716328,0.000500796,0.000564187,0.000329638,0.000297942,0.000367673,0.00023455,0.000259907,0.000221871,0.000323298,0.000215532,0.000228211,0.000196515,0.000323298,0.000120445,0.000183836,0.000202854,0.000253567,0.000133123,0.00015214,0.000120445,0.000209193,6.33918e-05,0.000139462,9.50878e-05,0.00015848,0.000133123,0.000399369,0.00015848,0.000215532,0.00015214,0.000253567,0.000285263,0.000329638,0.000412047,0.00062124,0.000494456,0.000595883,0.000519813,0.000690971,0.000589544,0.000507135,0.000443743,0.000456421,0.00023455,0.000304281,0.000126784,0.000171158,0.00015214,0.000120445,7.60702e-05,0.000202854,9.50878e-05,0.000247228,0.000177497,0.00046276,0.000329638,0.000830433,0.001039626,0.001984165,0.002187019,0.002637101,0.002681475,0.008906554,0.005489734,0.007220331,0.005794015,0.006789266,0.003974669,0.004887511,0.0035753,0.004437429,0.002656118,0.003683066,0.001870059,0.002890668,0.001565779,0.002244071,0.001616492,0.002218715,0.001603814,0.001800328,0.00162917,0.001261498,0.001198106,0.001064983,0.000887486,0.001115696,0.000684632,0.001096679,0.001020609,0.001451673,0.001064983,0.002212375,0.002041217,0.00287799,0.002282106,0.003797171,0.003074504,0.004183862,0.003467534,0.004703675,0.003981008,0.004386716,0.002770224,0.002928703,0.002947721,0.002846294,0.002237732,0.002763884,0.00186372,0.002465943,0.001438995,0.001806668,0.001255159,0.002301124,0.00132489,0.001965147,0.00147703,0.002294785,0.001407299,0.001990504,0.001217123,0.001889077,0.001033287,0.001280515,0.000887486,0.001426316,0.000678293,0.001419977,0.000950878,0.000735345,0.002104609,0.00193979,0.001578457,0.00100793,0.001889077,0.001267837,0.001990504,0.001248819,0.00140096,0.001990504,0.001990504,0.001128375,0.001768632,0.001045965,0.001299533,0.000792398,0.001077661,0.000716328,0.000912843,0.000564187,0.000868468,0.000703649,0.001223463,0.000729006,0.001654527,0.00132489,0.000665614,"Baja Prioridad","0","0.7","0.01"
"Pudahuel",6.71568e-05,3.16032e-05,2.76528e-05,4.74048e-05,3.16032e-05,5.9256e-05,4.34544e-05,3.9504e-05,5.9256e-05,5.9256e-05,7.50576e-05,0.000118512,0.000260726,0.000217272,0.000331833,0.000470097,0.000517502,0.000481949,0.00138659,0.001110062,0.00139054,0.002212223,0.002145067,0.001461648,0.002785031,0.003689672,0.00653791,0.002927246,0.002544057,0.000979699,0.001244376,0.001220673,0.00089279,0.000711072,0.000422693,0.000406891,0.000185669,0.000375288,0.00019357,0.000418742,0.000371337,0.000434544,0.00030023,0.000276528,0.000367387,0.000434544,0.000505651,0.000359486,0.000268627,0.000383189,0.000150115,0.000256776,0.000177768,0.000205421,0.000213322,0.000327883,0.000118512,0.000146165,0.000205421,0.000146165,0.000233074,0.000237024,8.29584e-05,0.000158016,0.000130363,0.000146165,0.000134314,0.000106661,0.000142214,0.000185669,0.000146165,0.000237024,0.000323933,0.000237024,0.000150115,0.000229123,0.000304181,0.000347635,0.000209371,0.000371337,0.000276528,0.000572808,0.000323933,0.000651816,0.00039899,0.000501701,0.000387139,0.000505651,0.000391089,0.000501701,0.000371337,0.000462197,0.00039504,0.000572808,0.000418742,0.000430593,0.000347635,0.000651816,0.000600461,0.000722923,0.000675518,0.000983649,0.00108636,0.00128388,0.00109031,0.001955447,0.001469548,0.001919894,0.001465598,0.002291231,0.002200372,0.001955447,0.001319433,0.001722374,0.001366838,0.00158806,0.001232524,0.001465598,0.001141665,0.001592011,0.001133764,0.001801382,0.001228574,0.001947547,0.001761878,0.00197915,0.001892241,0.002085811,0.001607812,0.001477449,0.001181169,0.001102161,0.000896741,0.000711072,0.000525403,0.000651816,0.000418742,0.000446395,0.000280478,0.000418742,0.000264677,0.000272578,0.00019752,0.000161966,0.00019357,0.000233074,0.00019752,0.000154066,0.000130363,0.000177768,0.000110611,0.000161966,9.08592e-05,0.000122462,0.000110611,0.000177768,8.69088e-05,0.000260726,0.000233074,0.000221222,0.000158016,0.000367387,0.00039504,0.000371337,0.000470097,0.000703171,0.000430593,0.000632064,0.00059256,0.000782179,0.000549105,0.000809832,0.000537254,0.000667617,0.000430593,0.000501701,0.000280478,0.00029233,9.876e-05,0.000142214,9.876e-05,0.00019357,3.16032e-05,9.08592e-05,9.08592e-05,0.000142214,0.000217272,0.00029628,0.000383189,0.000841435,0.001027104,0.001908043,0.002334686,0.00544365,0.003808184,0.006368043,0.005115766,0.007940302,0.004424447,0.005633269,0.003033906,0.003259079,0.001947547,0.002508503,0.001524854,0.002188521,0.001347086,0.001647316,0.001011302,0.001074508,0.000671568,0.000857237,0.000485899,0.000588609,0.000375288,0.000485899,0.000225173,0.000414792,0.000252826,0.000379238,0.000221222,0.000367387,0.000454296,0.000821683,0.000683419,0.00128388,0.001011302,0.001674969,0.001228574,0.001801382,0.001232524,0.002073959,0.001671019,0.001864588,0.001121913,0.00138264,0.001125864,0.001169318,0.000837485,0.001003401,0.000667617,0.000805881,0.000402941,0.000683419,0.000557006,0.000734774,0.000568857,0.000944145,0.000620213,0.001157467,0.000746625,0.000955997,0.00069132,0.000936245,0.000687369,0.000770328,0.000564907,0.000718973,0.000327883,0.000801931,0.000462197,0.000379238,0.000770328,0.000924393,0.00059651,0.000584659,0.000873038,0.000588609,0.001133764,0.000647865,0.000707121,0.000936245,0.001236475,0.000722923,0.000884889,0.000541205,0.000726873,0.000418742,0.000576758,0.000304181,0.000414792,0.000173818,0.000430593,0.000268627,0.00059651,0.000351585,0.000908592,0.000821683,0.000442445,"Media Alta Prioridad","0.03","0.07","0.01"
"Puente Alto",6.96693e-05,2.01267e-05,2.78677e-05,6.65728e-05,7.27657e-05,0.000113019,0.000128501,8.05067e-05,0.000151724,0.000139339,0.000195074,0.000117664,0.000193526,0.000371569,0.000425757,0.000393244,0.00078494,0.000952147,0.001359325,0.001295848,0.001973962,0.001436735,0.001921323,0.00186404,0.00257157,0.002179874,0.005372274,0.001916679,0.002238705,0.000876284,0.001339198,0.001144124,0.000599156,0.000577481,0.000421112,0.000503167,0.00032822,0.000325123,0.000233779,0.000554258,0.000373118,0.000447431,0.000349894,0.000339057,0.000269388,0.000292611,0.000250809,0.000512456,0.000337509,0.000366925,0.000289514,0.000311189,0.000119212,0.000315834,0.000227586,0.000303448,0.000187333,0.000235327,0.000226038,0.000274032,0.00026784,0.000342153,0.000116115,0.000210556,0.000161013,0.000174947,0.000153272,0.000162562,0.000157917,0.000230683,0.000178044,0.00024152,0.000297255,0.000243068,0.000243068,0.000317382,0.000348346,0.000281773,0.000233779,0.000365377,0.000236875,0.00056045,0.000322027,0.000524842,0.000371569,0.000524842,0.000411823,0.00052639,0.000402533,0.000548065,0.000435046,0.000421112,0.000390148,0.000501619,0.000391696,0.000510908,0.000431949,0.000656439,0.000453624,0.000789585,0.000740042,0.000976918,0.00087164,0.001295848,0.001057424,0.001435187,0.001320619,0.001822238,0.001302041,0.0022867,0.001466151,0.002365658,0.001740183,0.002121042,0.001591555,0.002229416,0.001449121,0.001800563,0.001202956,0.001918227,0.001439831,0.002096271,0.001520338,0.002138072,0.001701478,0.002418297,0.001695285,0.002153554,0.001436735,0.001816045,0.001329909,0.0012943,0.001015623,0.000805067,0.000557354,0.000644054,0.000396341,0.000433498,0.000238424,0.000370021,0.000232231,0.000337509,0.000199719,0.000260099,0.000204363,0.000286418,0.000232231,0.000277129,0.00014708,0.000188881,0.000122308,0.000173399,7.58621e-05,0.000168754,9.7537e-05,0.000142435,8.36031e-05,0.000165658,0.000105278,0.000178044,0.000123856,0.00026784,0.000222942,0.000371569,0.000331316,0.000452076,0.000368473,0.000565095,0.000374666,0.000582125,0.000496974,0.000631668,0.000380859,0.000462914,0.000360732,0.000517101,0.000227586,0.000239972,0.000106826,0.000167206,0.00010373,7.74103e-05,6.038e-05,6.50246e-05,6.50246e-05,0.000125405,7.89585e-05,0.000244617,0.000253906,0.000627023,0.000693596,0.001391837,0.001603941,0.003878255,0.003969599,0.005934272,0.004966644,0.004732865,0.004369037,0.004876848,0.003636735,0.003952569,0.002735679,0.002983392,0.002218579,0.002491063,0.001850106,0.002094722,0.001393385,0.00135468,0.000885574,0.00106981,0.000657987,0.00070753,0.000510908,0.00052639,0.000383955,0.000574384,0.000366925,0.000523294,0.00028487,0.000623927,0.000517101,0.000894863,0.000814356,0.001384096,0.000896411,0.001706123,0.001829979,0.002003378,0.001548206,0.002362562,0.00186404,0.002073047,0.001459958,0.00162252,0.001382548,0.001308234,0.000927375,0.001089937,0.000788037,0.000962984,0.000520197,0.000704434,0.000613089,0.000928923,0.0006905,0.001100774,0.000791133,0.001102322,0.000648698,0.000984659,0.000696693,0.000928923,0.000654891,0.000877833,0.00048304,0.000760169,0.000410275,0.000713723,0.000583674,0.000515553,0.001158058,0.001212245,0.000792681,0.000774103,0.001120901,0.000902604,0.001266432,0.000805067,0.000798874,0.001046587,0.001162702,0.000819001,0.000851513,0.000614638,0.000727657,0.000447431,0.00063012,0.000323575,0.000461365,0.000232231,0.00056045,0.00036228,0.000606897,0.000452076,0.000986207,0.00087164,0.000507811,"Media Alta Prioridad","0.03","0.1","0.01"
"Quilicura",6.67468e-05,4.71154e-05,1.57051e-05,7.0673e-05,2.35577e-05,8.63782e-05,5.88942e-05,2.7484e-05,4.31891e-05,6.67468e-05,0.00013742,0.000282692,0.000734214,0.000482932,0.000832371,0.000266987,0.000997275,0.00044367,0.001570512,0.001472355,0.002654165,0.001755047,0.001786457,0.001338862,0.002764101,0.001813941,0.005861936,0.002022034,0.001880688,0.000565384,0.001146474,0.000922676,0.00050649,0.000482932,0.000361218,0.000459375,0.000223798,0.000439743,0.000212019,0.000431891,0.000329808,0.000298397,0.000243429,0.000227724,0.000290545,0.000384775,0.000184535,0.00030625,0.000223798,0.000153125,0.000121715,0.000141346,0.00010601,0.000180609,0.00020024,0.000215945,0.000141346,0.000141346,6.67468e-05,0.000160977,0.00010601,0.000215945,0.000145272,0.00016883,0.000141346,0.000113862,9.03044e-05,0.000141346,9.42307e-05,0.000157051,6.28205e-05,9.42307e-05,0.000149199,0.000125641,7.0673e-05,0.000113862,0.000164904,0.000188461,0.000117788,0.000164904,7.85256e-05,0.000294471,0.000157051,0.000294471,0.000239503,0.000345513,0.000141346,0.000239503,0.000404407,0.000357291,0.00030625,0.000266987,0.000212019,0.000294471,0.000325881,0.000302324,0.000227724,0.000400481,0.000424038,0.000683173,0.000581089,0.000738141,0.000667468,0.000914823,0.000773477,0.001071874,0.00118181,0.001291746,0.000973717,0.00135064,0.001134695,0.001334935,0.001173958,0.001209294,0.000961939,0.001236778,0.00081274,0.001173958,0.000930528,0.001115064,0.001107211,0.00111899,0.00101298,0.001331009,0.001166105,0.001503765,0.001346714,0.001601922,0.001307451,0.001185737,0.000867708,0.00074992,0.000659615,0.000533974,0.000439743,0.000439743,0.000384775,0.000318029,0.00016883,0.000325881,0.000176683,0.000157051,0.000192388,0.000180609,0.000172756,0.000133494,0.000141346,0.000184535,0.00010601,0.000215945,9.8157e-05,0.000153125,5.49679e-05,9.42307e-05,7.45993e-05,0.000129567,0.00010601,0.000196314,9.42307e-05,0.000172756,0.000102083,0.000180609,0.000215945,0.000325881,0.000329808,0.000431891,0.000416186,0.000588942,0.000416186,0.000514343,0.000459375,0.000620352,0.000431891,0.000514343,0.000314102,0.000482932,0.000192388,0.000219872,0.000109936,0.000145272,0.000125641,0.000117788,6.28205e-05,9.03044e-05,5.88942e-05,0.00013742,0.000109936,0.00027484,0.000298397,0.000753846,0.001107211,0.001939582,0.002304726,0.005080607,0.00450737,0.00605825,0.004797914,0.005088459,0.00433854,0.003890944,0.002603124,0.002677723,0.002049518,0.002226201,0.001550881,0.001923877,0.001166105,0.001417387,0.001099358,0.00101298,0.00081274,0.000694952,0.000431891,0.000573237,0.000435817,0.000459375,0.000294471,0.000388702,0.000294471,0.000329808,0.000223798,0.000471154,0.000427965,0.000887339,0.000742067,0.001162179,0.000769551,0.001468429,0.001421313,0.001629406,0.001405608,0.001864983,0.001629406,0.001747195,0.001358493,0.001099358,0.001052243,0.000993349,0.000639984,0.000848077,0.000588942,0.00067532,0.000380849,0.000498638,0.00050649,0.00074992,0.000604647,0.00074992,0.000632131,0.000914823,0.0005379,0.00070673,0.000698878,0.00091875,0.000384775,0.000569311,0.000357291,0.000427965,0.000294471,0.000549679,0.000380849,0.000392628,0.000753846,0.000710657,0.0005379,0.000581089,0.000730288,0.000490785,0.000946234,0.000526122,0.000628205,0.000765625,0.000906971,0.000585016,0.000718509,0.000424038,0.000604647,0.000353365,0.000494711,0.000243429,0.000372997,0.000219872,0.000502564,0.000266987,0.000604647,0.000392628,0.00101298,0.000848077,0.000416186,"Media Baja Prioridad","0.03","0.06","0.05"
"Quinta Normal",0.000153995,2.93324e-05,7.3331e-05,4.39986e-05,0.00011733,8.79972e-05,0.000109996,0.000153995,0.000146662,0.000175994,0.000168661,0.000161328,0.000498651,0.000322656,0.00052065,0.000601314,0.000740643,0.000491318,0.001847941,0.001151296,0.001605949,0.002148598,0.002559251,0.001400622,0.003101901,0.003505221,0.00771442,0.002361258,0.00217793,0.001033967,0.001576616,0.001517951,0.000989968,0.000806641,0.000432653,0.000850639,0.000381321,0.000601314,0.000674645,0.000740643,0.000593981,0.000571982,0.000388654,0.000373988,0.000351989,0.000388654,0.00030799,0.000381321,0.000329989,0.000278658,0.000197994,0.000329989,9.53303e-05,0.000227326,0.000139329,0.000124663,0.00021266,0.00021266,0.000153995,0.000175994,0.000256658,0.000219993,4.39986e-05,0.000175994,0.000256658,0.000293324,5.13317e-05,0.000197994,0.000205327,0.000183327,0.000168661,0.000263992,0.000234659,0.000175994,0.000227326,0.000197994,0.000285991,0.000285991,0.00021266,0.000293324,0.000205327,0.00052065,0.000461985,0.000747976,0.000593981,0.00040332,0.00052065,0.000586648,0.000461985,0.00063798,0.000432653,0.000439986,0.00030799,0.000681978,0.000322656,0.000667312,0.00052065,0.000659979,0.000469318,0.000791975,0.000659979,0.001195295,0.000865306,0.001063299,0.001011968,0.001341957,0.001070632,0.001840608,0.001525285,0.001451954,0.001239294,0.001840608,0.001209961,0.001422621,0.001312625,0.00229526,0.001195295,0.001539951,0.001451954,0.00186994,0.001334624,0.001928605,0.001202628,0.00186994,0.001649947,0.002221929,0.001730611,0.002331925,0.001759944,0.001979937,0.001591282,0.001048633,0.000960636,0.000718644,0.000586648,0.000703977,0.000461985,0.000505984,0.000234659,0.000469318,0.000329989,0.000381321,0.000278658,0.000461985,0.000322656,0.000190661,0.000168661,0.000234659,0.000131996,0.000227326,0.000139329,0.000227326,9.53303e-05,0.000329989,0.000153995,0.000241992,0.000175994,0.000388654,0.000249325,0.000395987,0.000329989,0.000542649,0.000322656,0.000667312,0.00063798,0.000806641,0.000601314,0.000931304,0.000659979,0.000703977,0.000439986,0.000982635,0.000439986,0.00073331,0.000476651,0.000740643,0.000278658,0.000344656,5.86648e-05,0.000190661,0.000227326,0.000234659,0.000109996,0.000168661,0.00011733,0.000219993,8.79972e-05,0.00030799,0.000410654,0.000997301,0.001451954,0.002617916,0.002925906,0.00719377,0.005477825,0.006709785,0.006277132,0.006695119,0.004348528,0.004289863,0.0031239,0.003329227,0.002676581,0.002456588,0.001994603,0.001921272,0.001363956,0.001356623,0.000806641,0.001026634,0.000513317,0.00063798,0.000564649,0.000571982,0.000329989,0.000410654,0.000161328,0.00042532,0.000241992,0.000366655,0.000249325,0.000417987,0.00042532,0.000784642,0.000711311,0.001209961,0.00094597,0.001510618,0.001327291,0.001473953,0.001297958,0.0020826,0.001217294,0.001957937,0.001143963,0.001239294,0.001297958,0.001165963,0.000857973,0.001319958,0.000769975,0.000997301,0.000432653,0.000777308,0.000542649,0.000938637,0.000725977,0.000813974,0.000579315,0.001400622,0.000681978,0.000821307,0.000557315,0.000806641,0.000571982,0.000601314,0.000513317,0.000623313,0.000417987,0.000850639,0.000513317,0.000498651,0.001077966,0.0010413,0.000777308,0.00061598,0.001129297,0.000740643,0.001268626,0.000901971,0.000982635,0.001085299,0.001429954,0.000652646,0.000931304,0.000601314,0.000747976,0.000417987,0.000784642,0.000293324,0.000461985,0.000234659,0.000483985,0.000315323,0.000725977,0.00042532,0.001085299,0.000909304,0.000432653,"Media Alta Prioridad","0.05","0.08","0.06"
"Recoleta",8.94384e-05,3.15665e-05,4.73497e-05,6.3133e-05,4.20886e-05,4.73497e-05,6.3133e-05,4.20886e-05,0.000136788,9.99605e-05,0.000252532,0.000273576,0.000904906,0.001073261,0.00150993,0.00073129,0.001588847,0.000978561,0.003256609,0.002235959,0.003824806,0.001767723,0.002193871,0.001673024,0.001883467,0.002146521,0.007465474,0.002062344,0.001978167,0.000710246,0.001083783,0.000883862,0.000589241,0.000594502,0.000115744,0.000378798,0.000347231,0.000368276,0.000263054,0.000294621,0.000441931,0.000415625,0.000210443,0.000189399,0.000326187,0.000331448,0.000315665,0.000268315,0.000289359,0.000178877,0.000163094,0.00024201,0.000136788,0.000173616,0.00014731,0.000205182,0.000157832,0.000189399,7.89162e-05,8.94384e-05,0.000178877,0.000320926,0.000110483,0.00019466,0.000110483,0.000136788,0.00019466,8.41773e-05,0.000105222,0.000157832,0.000110483,0.000152571,0.000226226,0.000121005,0.000136788,0.000173616,0.00019466,0.000368276,0.00014731,0.000215704,0.000110483,0.000247271,0.000184138,0.000352492,0.000410364,0.000299882,0.000352492,0.000499803,0.00038932,0.000478758,0.000278837,0.000399842,0.000310404,0.000210443,0.000173616,0.000357754,0.000278837,0.000562936,0.000431409,0.000652374,0.000573458,0.001136394,0.00073129,0.000931211,0.000799684,0.001210049,0.000794423,0.001415231,0.001031172,0.001767723,0.000862817,0.001388925,0.001015389,0.001278443,0.000904906,0.001399448,0.000868078,0.001257398,0.000915428,0.001352098,0.000957517,0.001336315,0.001062738,0.001473103,0.001183743,0.001641457,0.001346837,0.001578324,0.001094305,0.00121531,0.000878601,0.000883862,0.00058398,0.000694463,0.000484019,0.000626069,0.000305143,0.000368276,0.000184138,0.000252532,0.000178877,0.000178877,0.000152571,0.000189399,0.000115744,0.000110483,0.000173616,0.000142049,6.3133e-05,0.000352492,9.46995e-05,0.000105222,5.26108e-05,7.36551e-05,4.20886e-05,5.78719e-05,5.78719e-05,0.000168355,0.000115744,0.000284098,8.94384e-05,0.000210443,0.000347231,0.000284098,0.000305143,0.000431409,0.000299882,0.000462975,0.00043667,0.000520847,0.000373537,0.000520847,0.000331448,0.000473497,0.000315665,0.000568197,0.000178877,0.000273576,0.000168355,0.000205182,0.000121005,8.41773e-05,2.63054e-05,8.94384e-05,5.26108e-05,9.99605e-05,5.26108e-05,0.000257793,0.00034197,0.00063133,0.000841773,0.001893989,0.00209391,0.0059345,0.004550835,0.005539918,0.003998422,0.004587663,0.003840589,0.003645929,0.002162304,0.002567408,0.001504669,0.001815073,0.001257398,0.001420492,0.000873339,0.001104827,0.000799684,0.000789162,0.000526108,0.000526108,0.000384059,0.000394581,0.000373537,0.000373537,0.000236749,0.000331448,0.000157832,0.000278837,0.000168355,0.000378798,0.000289359,0.00053663,0.000531369,0.000804945,0.000615546,0.001210049,0.000957517,0.001515191,0.001057477,0.001446797,0.001331054,0.001657241,0.001110088,0.001010128,0.000983822,0.000883862,0.000615546,0.000836512,0.00053663,0.000615546,0.000457714,0.000552414,0.000410364,0.00058398,0.000510325,0.000768118,0.000420886,0.000910167,0.00058398,0.000505064,0.000489281,0.000657635,0.000515586,0.000652374,0.000373537,0.00058398,0.00034197,0.000647113,0.000315665,0.00038932,0.000783901,0.000768118,0.000641852,0.000431409,0.000868078,0.000710246,0.001089044,0.000736551,0.000641852,0.000810206,0.001025911,0.000578719,0.000841773,0.000368276,0.000694463,0.000415625,0.000610285,0.000220965,0.000473497,0.000257793,0.000526108,0.000268315,0.000615546,0.000420886,0.001131132,0.000994344,0.000352492,"Media Alta Prioridad","0.05","0.09","0.04"
"Renca",5.59538e-05,3.10854e-05,2.48684e-05,6.21709e-06,1.86513e-05,3.73025e-05,8.70392e-05,4.97367e-05,0.000124342,7.46051e-05,0.000155427,0.00014921,0.000335723,0.000435196,0.000540887,0.000472499,0.000571972,0.000590623,0.002250586,0.001007168,0.001523187,0.001871344,0.00313963,0.002014337,0.002362494,0.004246271,0.007454289,0.003835943,0.003817292,0.002555223,0.002194632,0.001952166,0.001230983,0.000907695,0.001056905,0.001610226,0.001143944,0.000864175,0.000484933,0.000839307,0.000845524,0.001168813,0.000659011,0.000851741,0.000335723,0.000422762,0.000764702,0.000578189,0.000671446,0.000522235,0.000416545,0.000621709,0.000895261,0.000646577,0.000267335,0.000696314,0.00014921,0.000180296,0.000174078,8.70392e-05,0.000155427,0.000366808,4.35196e-05,5.59538e-05,0.000167861,0.000130559,0.000161644,0.000211381,0.000161644,0.000186513,0.000174078,0.000111908,0.000211381,0.000242466,0.000261118,0.000366808,0.000236249,0.000385459,0.000261118,0.000354374,0.000285986,0.000516018,0.000391677,0.000435196,0.000746051,0.000559538,0.000292203,0.000528453,0.00044763,0.000584406,0.000478716,0.000708748,0.000484933,0.000416545,0.000317072,0.00059684,0.00034194,0.000522235,0.000516018,0.001019602,0.000920129,0.001355325,0.001218549,0.001529404,0.001218549,0.001802956,0.002026771,0.002151113,0.001802956,0.002747953,0.002088942,0.002822558,0.002542789,0.003058807,0.002250586,0.002779038,0.001647528,0.002144895,0.001604009,0.001840258,0.001628877,0.002350059,0.001697265,0.002592526,0.002132461,0.003176932,0.001952166,0.003089893,0.00207029,0.002866078,0.00181539,0.001865126,0.001075556,0.001137727,0.000876609,0.000870392,0.000634143,0.000516018,0.000323289,0.000528453,0.000285986,0.000379242,0.000310854,0.000385459,0.000205164,0.00029842,0.000236249,0.000198947,0.000155427,0.000273552,0.000105691,9.32563e-05,8.70392e-05,0.000236249,0.000105691,0.000124342,3.73025e-05,0.000155427,0.000174078,0.000198947,0.000124342,0.000242466,0.000373025,0.000385459,0.000310854,0.000571972,0.000547104,0.00093878,0.000615492,0.000876609,0.000652794,0.000814439,0.000391677,0.000472499,0.000422762,0.00064036,0.000248684,0.000273552,0.000186513,0.000267335,0.000105691,0.000161644,0.000124342,6.8388e-05,6.8388e-05,0.000130559,9.32563e-05,0.000186513,0.000310854,0.000559538,0.001050688,0.001479667,0.002095159,0.004662816,0.004451435,0.00663985,0.005029624,0.004774724,0.004258705,0.00437683,0.002878512,0.003015288,0.001970817,0.002244369,0.001380194,0.002088942,0.001367759,0.00162266,0.001007168,0.000839307,0.000547104,0.000671446,0.000267335,0.000553321,0.000236249,0.000285986,0.000267335,0.000285986,0.000248684,0.000354374,0.000236249,0.000360591,0.00029842,0.000571972,0.000547104,0.001013385,0.000826873,0.001274503,0.001063122,0.001442364,0.001187464,0.00151697,0.001125293,0.001659963,0.000913912,0.0009823,0.000826873,0.000770919,0.000646577,0.000777136,0.000509801,0.000702531,0.000379242,0.000453847,0.00049115,0.000752268,0.000435196,0.000721182,0.000584406,0.000690097,0.000571972,0.000677663,0.000758485,0.000727399,0.000590623,0.000677663,0.000416545,0.000528453,0.000373025,0.000621709,0.000453847,0.000354374,0.000659011,0.000926346,0.000516018,0.000565755,0.000963649,0.00053467,0.001119076,0.000714965,0.000777136,0.000951215,0.001162596,0.00078957,0.001044471,0.000665228,0.000802004,0.000379242,0.00064036,0.000317072,0.00049115,0.000230032,0.000441413,0.000348157,0.000646577,0.000540887,0.000864175,0.000876609,0.00049115,"Media Alta Prioridad","0.01","0.03","0.01"
"San Bernardo",9.55692e-05,2.68788e-05,3.58384e-05,6.27173e-05,1.49327e-05,0.000113488,6.86903e-05,4.77846e-05,0.000125435,0.000116475,0.000241909,0.000161273,0.000188152,0.000325532,0.000415129,0.000268788,0.000731701,0.000683917,0.001672461,0.00092284,0.001263305,0.001009449,0.001585851,0.001305117,0.00251765,0.00176803,0.005301103,0.002003966,0.002687883,0.001039315,0.00137978,0.001179682,0.000770526,0.000660025,0.000346438,0.000447981,0.000307613,0.000328519,0.000280734,0.000430061,0.000268788,0.000400196,0.000209058,0.000268788,0.000206071,0.000433048,0.000170233,0.000241909,0.000152313,0.000244896,0.000206071,0.000158286,0.000134394,0.000203084,0.000158286,0.000328519,8.3623e-05,0.000292681,0.0001553,0.000134394,0.000131408,0.000271775,0.000104529,0.000304627,0.000185165,0.000179192,0.000170233,0.000167246,0.00014634,0.000131408,0.000143354,0.000215031,0.000316573,0.000197111,0.000185165,0.000206071,0.000444994,0.000304627,0.000179192,0.000241909,0.000167246,0.000274761,0.000197111,0.0003106,0.000295667,0.000447981,0.000349425,0.000492779,0.000394223,0.000495765,0.000325532,0.000418115,0.00030164,0.000403182,0.000391236,0.000385263,0.000397209,0.000573415,0.000421102,0.000833244,0.000627173,0.000955692,0.000722742,0.001409645,0.000988544,0.001385753,0.001588838,0.001878532,0.001281224,0.002009939,0.001657528,0.002239903,0.001723232,0.002192118,0.00121552,0.00229366,0.001221494,0.001887491,0.00131109,0.001779976,0.00160377,0.001797895,0.001478336,0.002093562,0.001678434,0.002263795,0.001702326,0.002156279,0.001821787,0.001776989,0.001236426,0.00122448,0.000934786,0.000800392,0.000692877,0.000695863,0.000471873,0.000349425,0.000218017,0.000355398,0.000262815,0.00030164,0.000212044,0.000226977,0.0001553,0.000253856,0.000134394,0.000188152,0.000161273,0.000191138,0.000107515,0.000176206,6.86903e-05,0.000110502,7.46634e-05,0.000116475,8.3623e-05,0.000203084,0.000215031,0.000185165,7.46634e-05,0.000229963,0.000218017,0.000229963,0.000361371,0.00037929,0.000286708,0.000522644,0.000319559,0.000462913,0.000385263,0.000677944,0.000391236,0.000552509,0.000391236,0.000471873,0.000212044,0.000191138,0.000122448,0.000125435,8.06365e-05,0.000119461,6.27173e-05,5.67442e-05,5.07711e-05,7.16769e-05,0.000119461,0.000185165,0.000235936,0.000442007,0.000752607,0.001352901,0.001334982,0.003446463,0.002864089,0.004097528,0.004348397,0.006489744,0.004175178,0.004396182,0.003213513,0.003088079,0.002589327,0.002553489,0.00214732,0.002027858,0.001547026,0.001615716,0.00114683,0.001006463,0.00083623,0.00084519,0.000567442,0.000564455,0.000400196,0.000409156,0.000197111,0.000403182,0.000203084,0.000450967,0.000322546,0.000522644,0.000424088,0.000707809,0.000839217,0.001048274,0.000901934,0.001358874,0.001609743,0.001672461,0.001343942,0.001660514,0.00175907,0.001708299,0.001346928,0.001039315,0.001334982,0.001066194,0.000878042,0.001140857,0.000665998,0.00068093,0.000442007,0.000576402,0.000444994,0.000755594,0.000546536,0.0006212,0.000710796,0.000892974,0.000770526,0.000686903,0.000600294,0.000701836,0.000507711,0.000486805,0.000439021,0.00045694,0.000304627,0.000495765,0.000409156,0.000337479,0.000842203,0.000764553,0.000424088,0.000459927,0.000761567,0.000663011,0.00115579,0.000671971,0.00069885,0.00091388,0.001179682,0.000588348,0.000719755,0.000519657,0.000567442,0.000343452,0.000483819,0.000265802,0.000322546,0.000238923,0.00037929,0.000212044,0.000495765,0.000343452,0.000773513,0.000725728,0.000370331,"Alta Prioridad","0.05","0.08","0.03"
"San Miguel",0.000187887,5.26082e-05,5.26082e-05,7.51546e-05,5.26082e-05,9.7701e-05,0.000127763,8.26701e-05,0.000105216,0.000150309,0.000157825,0.000157825,0.000300619,0.000315649,0.000713969,0.00041335,0.001187443,0.000766577,0.002630412,0.001427938,0.001796196,0.001826258,0.002262154,0.002239608,0.002337309,0.001495577,0.006373113,0.002262154,0.002284701,0.000781608,0.001277629,0.001217505,0.000729,0.000729,0.000473474,0.00024801,-0.000105216,0.000443412,0.000255526,0.00056366,0.000375773,0.000458443,0.000270557,0.000353227,0.00064633,0.000420866,0.000240495,0.00024801,0.000210433,0.000308134,0.000263041,0.000240495,0.00016534,0.000187887,0.000172856,0.000240495,0.000127763,0.000232979,0.000278072,0.000135278,0.000187887,0.000435897,9.01856e-05,0.000263041,0.000187887,0.000293103,0.000150309,0.000172856,0.000172856,0.000195402,0.000195402,0.000172856,0.000465959,0.000293103,0.000172856,0.000338196,0.000465959,0.000293103,0.00024801,0.000526082,0.000187887,0.000593722,0.000323165,0.000623783,0.00033068,0.00056366,0.000435897,0.000586206,0.00041335,0.000548629,0.000623783,0.000586206,0.000488505,0.000796639,0.000541113,0.000616268,0.000488505,0.000864278,0.000541113,0.001082227,0.000946948,0.001179928,0.000901856,0.001510608,0.001044649,0.001555701,0.001255082,0.001893897,0.001503093,0.002412464,0.00122502,0.001675948,0.001518124,0.001668433,0.001127319,0.002066752,0.001134835,0.001465515,0.001533154,0.001893897,0.001277629,0.001773649,0.001796196,0.002081783,0.001322721,0.002374886,0.001848804,0.002427495,0.001683464,0.001660917,0.00122502,0.001112289,0.000916886,0.000789124,0.000841732,0.000721484,0.000300619,0.000360742,0.00024801,0.000465959,0.000157825,0.00033068,0.000315649,0.000308134,0.000285588,0.00041335,0.000255526,0.000308134,0.00024801,0.000345711,0.000255526,0.00048099,0.000195402,0.000240495,0.000142794,0.000232979,0.000105216,0.000255526,0.000323165,0.00024801,0.000180371,0.000390804,0.00048099,0.000428381,0.000804155,0.000924402,0.000601237,0.000946948,0.000744031,0.000819185,0.000729,0.000849247,0.000556144,0.000616268,0.000405835,0.000713969,0.000375773,0.000255526,7.51546e-05,0.000142794,0.000135278,9.7701e-05,0.000120247,0.000105216,9.7701e-05,0.000263041,0.000150309,0.000496021,0.000623783,0.001570732,0.001337752,0.002667989,0.002630412,0.009161349,0.006380628,0.008868246,0.006004855,0.010018112,0.005561443,0.006095041,0.003938103,0.004561886,0.003141464,0.003660031,0.002630412,0.002870907,0.002119361,0.002419979,0.001533154,0.00187135,0.001390361,0.001262598,0.000864278,0.000879309,0.000668876,0.000736515,0.000308134,0.00097701,0.000443412,0.000706454,0.000473474,0.001164897,0.001082227,0.001510608,0.00162334,0.002156938,0.001713526,0.002780721,0.002419979,0.003066309,0.002510165,0.003614938,0.002622897,0.003487175,0.002247123,0.001976567,0.002156938,0.002307247,0.001578247,0.002254639,0.001570732,0.001555701,0.000946948,0.001217505,0.001074711,0.001525639,0.00129266,0.00170601,0.001202474,0.001721041,0.00129266,0.001367814,0.00105968,0.001247567,0.001112289,0.001179928,0.000721484,0.001104773,0.000496021,0.001480546,0.000616268,0.000871794,0.001533154,0.00170601,0.001104773,0.001134835,0.001300175,0.000924402,0.001758618,0.001262598,0.001037134,0.001578247,0.001826258,0.001232536,0.001525639,0.001029618,0.001119804,0.000721484,0.000759062,0.000473474,0.000698938,0.000518567,0.000886825,0.000593722,0.000901856,0.000713969,0.00129266,0.001300175,0.000511051,"Media Baja Prioridad","0","0.22","0.05"
"Santiago",0.000252411,5.76372e-05,3.37873e-05,0.000121237,7.35372e-05,9.93745e-05,0.000107324,5.76372e-05,0.000117262,7.35372e-05,0.000214649,0.000182849,0.000556497,0.000624072,0.000739347,0.000411411,0.001498568,0.000663822,0.001935816,0.001357456,0.001985503,0.001313731,0.001611855,0.001385281,0.00205109,0.001180569,0.003400597,0.001407143,0.001291869,0.00049091,0.000830771,0.000886421,0.000516748,0.000375636,0.000200737,0.000371661,0.000266324,0.000155024,0.000212662,0.000184837,0.000238499,0.000248436,0.000131174,0.000145087,0.000139124,0.000230549,0.000172912,0.000234524,0.000174899,0.000230549,0.000141112,0.000176887,7.15497e-05,0.000178874,0.000153037,0.000236511,0.000133162,0.000129187,0.000145087,0.000162974,0.000196762,0.000180862,8.94371e-05,0.000143099,0.000162974,0.000170924,9.14246e-05,0.000121237,0.000149062,0.000135149,0.000119249,0.000117262,0.000387561,0.000296136,0.000228561,0.000220611,0.000232536,0.000300111,0.000234524,0.000300111,0.000153037,0.000453148,0.000242474,0.000494885,0.00048296,0.000500848,0.000365698,0.000524698,0.000411411,0.00054656,0.000353773,0.000403461,0.000335886,0.000463085,0.000385573,0.000542585,0.000423336,0.000632022,0.000520723,0.000822821,0.000651897,0.001063308,0.000824809,0.001194482,0.000828784,0.001214357,0.00101362,0.001480681,0.000987783,0.001363419,0.00102952,0.001246157,0.000969895,0.00113287,0.000836734,0.001444906,0.000793009,0.001023558,0.000729409,0.001043433,0.000916233,0.001309756,0.001114982,0.001661542,0.001281932,0.001844391,0.001601918,0.001979541,0.001401181,0.001407143,0.000860583,0.000804934,0.00053861,0.000494885,0.000425323,0.00052271,0.000274274,0.000373648,0.000258374,0.000308061,0.000157012,0.000222599,0.000164962,0.000224586,0.000188812,0.000184837,0.000151049,0.000194774,0.000143099,0.000162974,0.000141112,0.000206699,0.000111299,0.000172912,9.7387e-05,0.000170924,0.000109312,0.000250424,0.000246449,0.000284211,0.000182849,0.000363711,0.000367686,0.000469048,0.000560472,0.000729409,0.000532648,0.000854621,0.000552522,0.000604197,0.000600222,0.000701584,0.000480973,0.000657859,0.000421348,0.000604197,0.000337873,0.000306074,0.000149062,0.000186824,0.000147074,0.000176887,0.000119249,0.000230549,0.000125212,0.000282224,0.000224586,0.000516748,0.000669784,0.001327644,0.00171123,0.002534051,0.003221722,0.010879524,0.007355703,0.009096745,0.007467003,0.008436898,0.005012452,0.006067809,0.004106156,0.004167768,0.002808324,0.003605308,0.001935816,0.0025897,0.001546268,0.00204314,0.001353481,0.00164763,0.001150757,0.001250132,0.000858596,0.000590285,0.000526685,0.000608172,0.000471035,0.000635997,0.000349798,0.00063401,0.000536622,0.000775121,0.000836734,0.001421056,0.001460806,0.001874204,0.001665517,0.002412814,0.002361139,0.002800374,0.002643363,0.003253522,0.002969311,0.002734787,0.002124628,0.001820542,0.00169533,0.00168738,0.001514468,0.001739054,0.001134857,0.001466768,0.000878471,0.00109312,0.000959958,0.00117262,0.000916233,0.001325656,0.000882446,0.001258082,0.000826796,0.001204419,0.000914246,0.001349506,0.00049886,0.000818846,0.000566435,0.000781084,0.000512773,0.001134857,0.000630035,0.000556497,0.001152745,0.001120945,0.000804934,0.000751271,0.00111697,0.000926171,0.001345531,0.000918221,0.001097095,0.001339569,0.001494593,0.000912258,0.001091132,0.000741334,0.000910271,0.000512773,0.000753259,0.000413398,0.00058631,0.000379611,0.000737359,0.000415386,0.000906296,0.000645934,0.001325656,0.001204419,0.000528673,"Media Baja Prioridad","0.03","0.43","0.02"
"Vitacura",0.000857668,7.23335e-05,0.000103334,0.000144667,0,5.16668e-05,8.26668e-05,1.03334e-05,2.06667e-05,2.06667e-05,1.03334e-05,5.16668e-05,0.000144667,0.000124,0.000485668,0.000413334,0.000764668,0.000465001,0.001188336,0.000868002,0.000795668,0.000682001,0.000702668,0.000816335,0.000795668,0.000578668,0.001188336,0.000537334,0.000775002,0.000423668,0.000682001,0.000206667,0.000196334,0.000279001,0.000134334,0.000268667,0.000175667,0.000155,0.000217,0.000186,0.000144667,0.000196334,0.000124,0.000165334,0.000186,0.000134334,9.30002e-05,0.000124,4.13334e-05,0.000186,0.000103334,0.000155,2.06667e-05,0.000341001,0.000103334,7.23335e-05,0.000134334,0.000186,8.26668e-05,0.000103334,0.000124,0.000124,6.20001e-05,0.000113667,0.000175667,0.000175667,0.000124,0.000144667,0.000124,8.26668e-05,0.000103334,0.000144667,0.000175667,0.000155,0.000268667,0.000268667,0.000175667,0.000454668,0.000310001,0.000289334,0.000310001,0.000661335,0.000237667,0.000444334,0.000682001,0.000578668,0.000496001,0.000330667,0.000258334,0.000320334,0.000299667,0.000289334,0.000361667,0.000227334,0.000382334,0.000248,0.000196334,0.000289334,0.000423668,0.000589001,0.000568334,0.000640668,0.000640668,0.000981669,0.000795668,0.000930002,0.000713001,0.000909335,0.000537334,0.000620001,0.000310001,0.000640668,0.000289334,0.000403001,0.000299667,0.000454668,0.000444334,0.000547668,0.000392667,0.000320334,0.000516668,0.000847335,0.000568334,0.001105669,0.001002335,0.001250336,0.000837002,0.001188336,0.000682001,0.000692335,0.000485668,0.000496001,0.000403001,0.000496001,0.000155,0.000320334,0.000196334,0.000320334,0.000165334,0.000165334,0.000134334,0.000175667,0.000237667,0.000320334,0.000310001,0.000299667,0.000227334,0.000175667,0.000134334,0.000237667,0.000113667,0.000206667,0.000124,0.000134334,8.26668e-05,0.000144667,0.000113667,0.000217,3.10001e-05,0.000175667,9.30002e-05,0.000330667,0.000268667,0.000454668,0.000320334,0.000506334,0.000392667,0.000630335,0.000392667,0.000423668,0.000454668,0.000506334,0.000403001,0.000382334,0.000196334,0.000237667,8.26668e-05,0.000113667,5.16668e-05,6.20001e-05,3.10001e-05,0.000113667,8.26668e-05,0.000268667,0.000310001,0.000640668,0.000475334,0.001229669,0.001415669,0.002717672,0.002459338,0.002583339,0.002201004,0.007605349,0.003957675,0.004670676,0.003492674,0.004495009,0.001942671,0.00345134,0.002325005,0.002769339,0.002025337,0.003244673,0.001798004,0.002965673,0.001622337,0.002511005,0.001922004,0.001674003,0.001333003,0.001829004,0.001312336,0.001353669,0.000940335,0.001074669,0.000692335,0.000940335,0.000599335,0.001105669,0.000857668,0.001581003,0.001105669,0.002201004,0.001973671,0.002676339,0.00147767,0.002986339,0.002170004,0.002779672,0.002593672,0.003554674,0.002872672,0.003151673,0.001994337,0.002139004,0.001808337,0.001715337,0.002190671,0.002790006,0.001415669,0.001643003,0.000981669,0.001653337,0.001188336,0.00147767,0.001415669,0.001746337,0.000971335,0.00150867,0.000971335,0.001033335,0.001074669,0.001229669,0.000806002,0.000806002,0.000403001,0.000651001,0.000392667,0.000713001,0.000516668,0.000227334,0.000971335,0.001322669,0.000620001,0.000640668,0.001043669,0.000764668,0.001105669,0.000640668,0.001012669,0.000930002,0.001043669,0.000547668,0.001033335,0.000806002,0.001033335,0.000609668,0.000599335,0.000413334,0.000485668,0.000268667,0.000496001,0.000351334,0.000527001,0.000299667,0.000837002,0.000620001,0.000227334,"Sin Prioridad","0","0.73","0"
